setting_id,topology,dimension,overlap_ratio,overlap_ratio_target,seed,operator,rounds,longitudinal_conflict_reduction_ratio,mean_conflict_before,mean_regenerated_conflict_next,proposal_consensus_collapse_ratio_mean,conflict_oscillation,conflict_persistence_over_rounds,consensus_instability_over_rounds,objective_improvement_per_fe,FE_total,FE_commit_evaluation,FE_analysis_only,FE_coordination_extra,cross_baseline_evaluations_shared
m000_line_d100_o0.05,line,100,0.05,0.05,0,NoCoordination,5,0.0,0.511631959831812,0.511631959831812,0.0,0.0,1.0,0.0,0.0,95,5,0,0,False
m000_line_d100_o0.05,line,100,0.05,0.05,0,AverageConsensus,5,0.0,0.5135337661433552,0.5140547343979256,1.0,0.3333333333333333,1.0010169946847487,0.02200133997960634,0.003559412655962403,95,5,0,0,False
m000_line_d100_o0.05,line,100,0.05,0.05,0,BestRewardSelection,5,0.016111574308666988,0.48989513887942016,0.48200215694590964,1.0,0.0,0.9841082921333353,0.05380510711538443,0.0,95,5,0,0,False
m000_line_d100_o0.05,line,100,0.05,0.05,0,WeightedConsensus,5,0.009226360788927853,0.49885871404228443,0.4942560635638298,1.0,0.0,0.9908507237197991,0.04309339696977554,0.0,95,5,0,0,False
m000_line_d100_o0.05,line,100,0.05,0.05,0,ConflictDampening,5,0.0,0.5132500014378889,0.5137505734610678,1.0,0.0,1.000976866063813,0.016410159579990563,0.004495837783864724,95,5,0,0,False
m000_line_d100_o0.05,line,100,0.05,0.05,1,NoCoordination,5,0.0,0.4582820133286732,0.4582820133286732,0.0,0.0,1.0,0.0,0.0,95,5,0,0,False
m000_line_d100_o0.05,line,100,0.05,0.05,1,AverageConsensus,5,0.0,0.5226581223724767,0.5434508869978528,1.0,0.0,1.0434210826780927,0.03583140120608781,0.020811230984416944,95,5,0,0,False
m000_line_d100_o0.05,line,100,0.05,0.05,1,BestRewardSelection,5,0.0,0.5284194216494393,0.541782620330591,1.0,0.3333333333333333,1.0309240038818999,0.05600526487310613,0.0,95,5,0,0,False
m000_line_d100_o0.05,line,100,0.05,0.05,1,WeightedConsensus,5,0.0,0.531483977257974,0.5466091420452441,1.0,0.3333333333333333,1.034292892285317,0.053222780879491685,0.002003518031174086,95,5,0,0,False
m000_line_d100_o0.05,line,100,0.05,0.05,1,ConflictDampening,5,0.0,0.520897904222748,0.5415680530594505,1.0,0.0,1.0431779134504953,0.027767817518260306,0.0217776948949798,95,5,0,0,False
m000_line_d100_o0.05,line,100,0.05,0.05,2,NoCoordination,5,0.0,0.31698506759430617,0.31698506759430617,0.0,0.0,1.0,0.0,0.0,95,5,0,0,False
m000_line_d100_o0.05,line,100,0.05,0.05,2,AverageConsensus,5,0.0,0.38970274126891347,0.42375352709930547,1.0,0.0,1.0937197488066281,0.054768065416375335,0.05900672953187007,95,5,0,0,False
m000_line_d100_o0.05,line,100,0.05,0.05,2,BestRewardSelection,5,0.0,0.3224079046849949,0.32321706799552163,1.0,0.3333333333333333,1.0025849234501973,0.05812245333808687,0.044143281073179,95,5,0,0,False
m000_line_d100_o0.05,line,100,0.05,0.05,2,WeightedConsensus,5,0.0,0.34054843861626716,0.3575181761481393,1.0,0.0,1.0512384278246625,0.04090270324751388,0.05618630700475903,95,5,0,0,False
m000_line_d100_o0.05,line,100,0.05,0.05,2,ConflictDampening,5,0.0,0.38899537392683997,0.42280424800531535,1.0,0.0,1.0932263203736277,0.05030657108858659,0.0600742228006338,95,5,0,0,False
m001_line_d100_o0.1,line,100,0.1,0.1,0,NoCoordination,5,0.0,0.3852088557927515,0.3852088557927515,0.0,0.0,1.0,0.0,0.0,95,5,0,0,False
m001_line_d100_o0.1,line,100,0.1,0.1,0,AverageConsensus,5,0.0,0.45968224448057404,0.4794146992418498,1.0,0.3333333333333333,1.049014048704961,0.03475157330867641,0.03260305246522527,95,5,0,0,False
m001_line_d100_o0.1,line,100,0.1,0.1,0,BestRewardSelection,5,0.0,0.42342509814092705,0.42856914737431323,1.0,0.0,1.0157582228949233,0.10938269785525308,0.0,95,5,0,0,False
m001_line_d100_o0.1,line,100,0.1,0.1,0,WeightedConsensus,5,0.0,0.43820382964539806,0.45223285974599275,1.0,0.6666666666666666,1.0357392421067015,0.06225859539865457,0.00012609197336500624,95,5,0,0,False
m001_line_d100_o0.1,line,100,0.1,0.1,0,ConflictDampening,5,0.0,0.4597082675528045,0.4796086642930457,1.0,0.3333333333333333,1.0493132532219824,0.027063740130068424,0.03397541243856756,95,5,0,0,False
m001_line_d100_o0.1,line,100,0.1,0.1,1,NoCoordination,5,0.0,0.4438275888748455,0.4438275888748455,0.0,0.0,1.0,0.0,0.0,95,5,0,0,False
m001_line_d100_o0.1,line,100,0.1,0.1,1,AverageConsensus,5,0.0,0.4833916664946533,0.49629460602607944,1.0,0.0,1.0280499531082907,0.029439874984233942,0.026787279743628028,95,5,0,0,False
m001_line_d100_o0.1,line,100,0.1,0.1,1,BestRewardSelection,5,0.0,0.4787080761541055,0.4843023608279354,1.0,0.0,1.0134430107108818,0.051261992071099015,0.0,95,5,0,0,False
m001_line_d100_o0.1,line,100,0.1,0.1,1,WeightedConsensus,5,0.0,0.48321645893511683,0.4908161236262414,1.0,0.3333333333333333,1.0177083863230847,0.04457994324369267,0.0,95,5,0,0,False
m001_line_d100_o0.1,line,100,0.1,0.1,1,ConflictDampening,5,0.0,0.4815466187919636,0.4941723080241541,1.0,0.0,1.027468742350969,0.02271400118245758,0.028373585229397123,95,5,0,0,False
m001_line_d100_o0.1,line,100,0.1,0.1,2,NoCoordination,5,0.0,0.40938080166712465,0.40938080166712465,0.0,0.0,1.0,0.0,0.0,95,5,0,0,False
m001_line_d100_o0.1,line,100,0.1,0.1,2,AverageConsensus,5,0.0,0.4475696824790979,0.4659703731997921,1.0,0.0,1.041767740247598,0.04161381811207737,0.07335259356886736,95,5,0,0,False
m001_line_d100_o0.1,line,100,0.1,0.1,2,BestRewardSelection,5,0.027981058482417026,0.37529881075678123,0.3647975527846142,1.0,0.6666666666666666,0.9733771252148751,0.08221747633992789,0.029981977852996073,95,5,0,0,False
m001_line_d100_o0.1,line,100,0.1,0.1,2,WeightedConsensus,5,0.0,0.39916516265393265,0.4045595291838883,1.0,0.0,1.01388010378357,0.05316103554373395,0.05267310101861667,95,5,0,0,False
m001_line_d100_o0.1,line,100,0.1,0.1,2,ConflictDampening,5,0.0,0.4467640564805212,0.46456080817655343,1.0,0.0,1.0406040895432125,0.035405902985260085,0.07483571103539638,95,5,0,0,False
m002_line_d100_o0.2,line,100,0.2,0.2,0,NoCoordination,5,0.0,0.4058560466988356,0.4058560466988356,0.0,0.0,1.0,0.0,0.0,95,5,0,0,False
m002_line_d100_o0.2,line,100,0.2,0.2,0,AverageConsensus,5,0.0,0.5317057162538037,0.5687325516390755,1.0,0.3333333333333333,1.0814673952887972,0.03768380659403105,0.0898766181094045,95,5,0,0,False
m002_line_d100_o0.2,line,100,0.2,0.2,0,BestRewardSelection,5,0.0,0.470030594260369,0.4769676430653746,1.0,0.0,1.0235922550587513,0.09791891678804056,0.0,95,5,0,0,False
m002_line_d100_o0.2,line,100,0.2,0.2,0,WeightedConsensus,5,0.0,0.4823285780302378,0.49499071110695314,1.0,0.0,1.0362731570501613,0.0667758681951835,0.021503937521482674,95,5,0,0,False
m002_line_d100_o0.2,line,100,0.2,0.2,0,ConflictDampening,5,0.0,0.5249862134195833,0.5632835259703954,1.0,0.3333333333333333,1.0830439464901933,0.03005323841167787,0.09417879043727258,95,5,0,0,False
m002_line_d100_o0.2,line,100,0.2,0.2,1,NoCoordination,5,0.0,0.4528781142980007,0.4528781142980007,0.0,0.0,1.0,0.0,0.0,95,5,0,0,False
m002_line_d100_o0.2,line,100,0.2,0.2,1,AverageConsensus,5,0.0,0.5170093442877922,0.5371707072248741,1.0,0.0,1.0417808150290333,0.025398125494247314,0.03936946352256106,95,5,0,0,False
m002_line_d100_o0.2,line,100,0.2,0.2,1,BestRewardSelection,5,0.019516180374007083,0.4367692531642499,0.428245185637676,1.0,0.0,0.9805342513695381,0.11966212660589429,0.0,95,5,0,0,False
m002_line_d100_o0.2,line,100,0.2,0.2,1,WeightedConsensus,5,0.0,0.46328448459561256,0.46576770315559396,1.0,0.3333333333333333,1.005516232737533,0.02769805548520641,0.008119864827338537,95,5,0,0,False
m002_line_d100_o0.2,line,100,0.2,0.2,1,ConflictDampening,5,0.0,0.5114102795128972,0.530858099350932,1.0,0.0,1.0402140410496472,0.019354186806325144,0.041906700946113734,95,5,0,0,False
m002_line_d100_o0.2,line,100,0.2,0.2,2,NoCoordination,5,0.0,0.45202204412901476,0.45202204412901476,0.0,0.0,1.0,0.0,0.0,95,5,0,0,False
m002_line_d100_o0.2,line,100,0.2,0.2,2,AverageConsensus,5,0.0,0.5109771813819578,0.5303988300107587,1.0,0.0,1.0403193896292733,0.03389965444012691,0.09355183583932196,95,5,0,0,False
m002_line_d100_o0.2,line,100,0.2,0.2,2,BestRewardSelection,5,0.03557432488654154,0.4285056683624238,0.41326186850037433,1.0,0.0,0.9641749677183743,0.0456487496517371,0.0,95,5,0,0,False
m002_line_d100_o0.2,line,100,0.2,0.2,2,WeightedConsensus,5,0.00269596615029511,0.4461613550708691,0.44495851916002815,1.0,1.0,0.9976819696568583,0.05119193362205458,0.038627057594410236,95,5,0,0,False
m002_line_d100_o0.2,line,100,0.2,0.2,2,ConflictDampening,5,0.0,0.5084229212321824,0.5277499339402671,1.0,0.0,1.0400304199610475,0.027291881060034977,0.09609181401344608,95,5,0,0,False
m003_line_d100_o0.3,line,100,0.3,0.3,0,NoCoordination,5,0.0,0.4081709667332816,0.4081709667332816,0.0,0.0,1.0,0.0,0.0,95,5,0,0,False
m003_line_d100_o0.3,line,100,0.3,0.3,0,AverageConsensus,5,0.0,0.5481943018337506,0.5923788832144917,1.0,0.0,1.0939216694984961,0.03537879653503387,0.11913631205834911,95,5,0,0,False
m003_line_d100_o0.3,line,100,0.3,0.3,0,BestRewardSelection,5,0.0024103467136693296,0.43256557979847093,0.4315229467747572,1.0,0.6666666666666666,1.001814288876047,0.1611998154892789,0.014672972889829114,95,5,0,0,False
m003_line_d100_o0.3,line,100,0.3,0.3,0,WeightedConsensus,5,0.0,0.4514538244683958,0.4597156193571087,1.0,0.3333333333333333,1.0211775157897471,0.07571708228747266,0.046848862611970264,95,5,0,0,False
m003_line_d100_o0.3,line,100,0.3,0.3,0,ConflictDampening,5,0.0,0.5390849351981947,0.5828771922472853,1.0,0.0,1.0925083609401303,0.027988921062533752,0.12407435047679814,95,5,0,0,False
m003_line_d100_o0.3,line,100,0.3,0.3,1,NoCoordination,5,0.0,0.41750122084946734,0.41750122084946734,0.0,0.0,1.0,0.0,0.0,95,5,0,0,False
m003_line_d100_o0.3,line,100,0.3,0.3,1,AverageConsensus,5,0.0,0.49533114549457746,0.5293765240932404,1.0,0.0,1.071300270645434,0.03210253824316916,0.12301266479259326,95,5,0,0,False
m003_line_d100_o0.3,line,100,0.3,0.3,1,BestRewardSelection,5,0.0,0.460164114059592,0.4635257249055857,1.0,0.3333333333333333,1.0225706814894522,0.22768557009181442,0.09816915938109969,95,5,0,0,False
m003_line_d100_o0.3,line,100,0.3,0.3,1,WeightedConsensus,5,0.0,0.4275811454542258,0.4422261624436939,1.0,0.0,1.036346235358525,0.04749872663045367,0.11527428590311695,95,5,0,0,False
m003_line_d100_o0.3,line,100,0.3,0.3,1,ConflictDampening,5,0.0,0.4863597985227406,0.5183603886833633,1.0,0.0,1.0674906678175844,0.0274080154655873,0.12767715415553238,95,5,0,0,False
m003_line_d100_o0.3,line,100,0.3,0.3,2,NoCoordination,5,0.0,0.29970148596962304,0.29970148596962304,0.0,0.0,1.0,0.0,0.0,95,5,0,0,False
m003_line_d100_o0.3,line,100,0.3,0.3,2,AverageConsensus,5,0.0,0.4213249695627089,0.46943914353621297,1.0,0.0,1.1277701695736304,0.040588233682631265,0.18300026818059897,95,5,0,0,False
m003_line_d100_o0.3,line,100,0.3,0.3,2,BestRewardSelection,5,0.0,0.36249243863473735,0.3771766704531005,1.0,0.6666666666666666,1.0516266045752827,0.14748800128462183,0.07654743598510624,95,5,0,0,False
m003_line_d100_o0.3,line,100,0.3,0.3,2,WeightedConsensus,5,0.0,0.37991191158732013,0.4044948693460455,1.0,0.0,1.0741846276618143,0.05479471577251501,0.15341472691820768,95,5,0,0,False
m003_line_d100_o0.3,line,100,0.3,0.3,2,ConflictDampening,5,0.0,0.4143507164504474,0.4596207423298869,1.0,0.0,1.12162827587977,0.03600813310396769,0.18434065016398202,95,5,0,0,False
m004_line_d500_o0.05,line,500,0.05,0.05,0,NoCoordination,5,0.0,0.2747569681759353,0.2747569681759353,0.0,0.0,1.0,0.0,0.0,95,5,0,0,False
m004_line_d500_o0.05,line,500,0.05,0.05,0,AverageConsensus,5,0.0,0.3523868438733419,0.3762467685370355,1.0,0.0,1.0776803247502422,0.03670998400115518,0.10968352651464311,95,5,0,0,False
m004_line_d500_o0.05,line,500,0.05,0.05,0,BestRewardSelection,5,0.0,0.3229484305893182,0.33673654547194826,1.0,0.6666666666666666,1.0485172688536242,0.09135738992995254,0.010960858175883758,95,5,0,0,False
m004_line_d500_o0.05,line,500,0.05,0.05,0,WeightedConsensus,5,0.0,0.3342806263792849,0.34840269581305533,1.0,0.3333333333333333,1.0512400674260227,0.05082973964068648,0.015170830562447847,95,5,0,0,False
m004_line_d500_o0.05,line,500,0.05,0.05,0,ConflictDampening,5,0.0,0.35225418519491114,0.3761122543877188,1.0,0.0,1.0776579786344862,0.03199829354292338,0.11102492471843861,95,5,0,0,False
m004_line_d500_o0.05,line,500,0.05,0.05,1,NoCoordination,5,0.0,0.3566082153959036,0.3566082153959036,0.0,0.0,1.0,0.0,0.0,95,5,0,0,False
m004_line_d500_o0.05,line,500,0.05,0.05,1,AverageConsensus,5,0.0,0.37861109711373697,0.3871343283663503,1.0,1.0,1.0231222075414033,0.032129232446791216,0.09951644296265945,95,5,0,0,False
m004_line_d500_o0.05,line,500,0.05,0.05,1,BestRewardSelection,5,0.0,0.3559441014278808,0.3585647539859895,1.0,0.6666666666666666,1.007466587653688,0.12659502806814865,0.012460707201756955,95,5,0,0,False
m004_line_d500_o0.05,line,500,0.05,0.05,1,WeightedConsensus,5,0.0,0.36258542098895896,0.36502026867787635,1.0,1.0,1.0068485516656078,0.04998349898457863,0.01679476387621255,95,5,0,0,False
m004_line_d500_o0.05,line,500,0.05,0.05,1,ConflictDampening,5,0.0,0.37872650360801147,0.38729016912275804,1.0,1.0,1.0232250830891927,0.027787612610722427,0.1018434655660358,95,5,0,0,False
m004_line_d500_o0.05,line,500,0.05,0.05,2,NoCoordination,5,0.0,0.3361477558342731,0.3361477558342731,0.0,0.0,1.0,0.0,0.0,95,5,0,0,False
m004_line_d500_o0.05,line,500,0.05,0.05,2,AverageConsensus,5,0.0,0.3731033958954767,0.3852869464099892,1.0,1.0,1.0343955397311968,0.032713984199991414,0.10545213379537631,95,5,0,0,False
m004_line_d500_o0.05,line,500,0.05,0.05,2,BestRewardSelection,5,0.0,0.34215764152455347,0.3441350658566394,1.0,0.6666666666666666,1.0062566634894048,0.08341369460334747,0.0,95,5,0,0,False
m004_line_d500_o0.05,line,500,0.05,0.05,2,WeightedConsensus,5,0.0,0.3429013475116311,0.3455522656599602,1.0,0.6666666666666666,1.0082103748251245,0.06410105064292489,0.0,95,5,0,0,False
m004_line_d500_o0.05,line,500,0.05,0.05,2,ConflictDampening,5,0.0,0.37329326448500477,0.3855397050984267,1.0,1.0,1.0345623289468922,0.027797225034258712,0.1081004527291918,95,5,0,0,False
m005_line_d500_o0.1,line,500,0.1,0.1,0,NoCoordination,5,0.0,0.2701152051941791,0.2701152051941791,0.0,0.0,1.0,0.0,0.0,95,5,0,0,False
m005_line_d500_o0.1,line,500,0.1,0.1,0,AverageConsensus,5,0.0,0.35887007965211176,0.386849946155826,1.0,0.0,1.090521025756645,0.0398678910207506,0.25117987412010667,95,5,0,0,False
m005_line_d500_o0.1,line,500,0.1,0.1,0,BestRewardSelection,5,0.0,0.32649477715643804,0.3396720716196308,1.0,1.0,1.0478476332852928,0.12046922268245991,0.009480200013125807,95,5,0,0,False
m005_line_d500_o0.1,line,500,0.1,0.1,0,WeightedConsensus,5,0.0,0.33137798044316835,0.3474076020684508,1.0,0.6666666666666666,1.0566338865878384,0.07491073879697523,0.03109432939127026,95,5,0,0,False
m005_line_d500_o0.1,line,500,0.1,0.1,0,ConflictDampening,5,0.0,0.3573172794121158,0.38525982511914475,1.0,0.0,1.0905461807432864,0.03547070489101733,0.2542905705853789,95,5,0,0,False
m005_line_d500_o0.1,line,500,0.1,0.1,1,NoCoordination,5,0.0,0.3217260429982592,0.3217260429982592,0.0,0.0,1.0,0.0,0.0,95,5,0,0,False
m005_line_d500_o0.1,line,500,0.1,0.1,1,AverageConsensus,5,0.0,0.37571481825335734,0.39505555667078734,1.0,0.0,1.0545881761596048,0.03437849620063349,0.2321078788926986,95,5,0,0,False
m005_line_d500_o0.1,line,500,0.1,0.1,1,BestRewardSelection,5,0.0,0.33710023031211894,0.341627027723779,1.0,0.3333333333333333,1.0137910488811863,0.11393248778330768,0.028810153037416564,95,5,0,0,False
m005_line_d500_o0.1,line,500,0.1,0.1,1,WeightedConsensus,5,0.0,0.3372955945010482,0.34192505709896126,1.0,1.0,1.0142014807253918,0.0473057317648852,0.04479306833931823,95,5,0,0,False
m005_line_d500_o0.1,line,500,0.1,0.1,1,ConflictDampening,5,0.0,0.3753898000874715,0.3946106260579111,1.0,0.0,1.0542817634879862,0.03022672265014465,0.23543433832088118,95,5,0,0,False
m005_line_d500_o0.1,line,500,0.1,0.1,2,NoCoordination,5,0.0,0.2865603825933404,0.2865603825933404,0.0,0.0,1.0,0.0,0.0,95,5,0,0,False
m005_line_d500_o0.1,line,500,0.1,0.1,2,AverageConsensus,5,0.0,0.3759406776873071,0.4052678465837016,1.0,0.0,1.0886864297025074,0.04103018934387736,0.2880620837021372,95,5,0,0,False
m005_line_d500_o0.1,line,500,0.1,0.1,2,BestRewardSelection,5,0.0,0.30314970876632974,0.3093358012030119,1.0,1.0,1.0211008554716796,0.1155106027323682,0.09281156842218918,95,5,0,0,False
m005_line_d500_o0.1,line,500,0.1,0.1,2,WeightedConsensus,5,0.0,0.3059147083780435,0.31332877904859063,1.0,0.6666666666666666,1.0248196445699254,0.0637888792201411,0.0985432881316161,95,5,0,0,False
m005_line_d500_o0.1,line,500,0.1,0.1,2,ConflictDampening,5,0.0,0.3754839426696786,0.40469404607806764,1.0,0.0,1.0883615834162672,0.03598121309905486,0.29108741400930765,95,5,0,0,False
m006_line_d500_o0.2,line,500,0.2,0.2,0,NoCoordination,5,0.0,0.2535866099258451,0.2535866099258451,0.0,0.0,1.0,0.0,0.0,95,5,0,0,False
m006_line_d500_o0.2,line,500,0.2,0.2,0,AverageConsensus,5,0.0,0.3813391146941324,0.42198562720595234,1.0,0.0,1.1320804890417862,0.04196648703795444,0.5557193474346844,95,5,0,0,False
m006_line_d500_o0.2,line,500,0.2,0.2,0,BestRewardSelection,5,0.0,0.3150672555075949,0.3308591935846392,1.0,0.3333333333333333,1.059937576428291,0.1862895961784843,0.29178555558235447,95,5,0,0,False
m006_line_d500_o0.2,line,500,0.2,0.2,0,WeightedConsensus,5,0.0,0.3117531030801012,0.3265388753091184,1.0,0.3333333333333333,1.0566129350883204,0.09394848610767723,0.31300608156837184,95,5,0,0,False
m006_line_d500_o0.2,line,500,0.2,0.2,0,ConflictDampening,5,0.0,0.378716866603604,0.41920866246703525,1.0,0.0,1.1311397709435156,0.03685110541454073,0.5569204475796141,95,5,0,0,False
m006_line_d500_o0.2,line,500,0.2,0.2,1,NoCoordination,5,0.0,0.3381649164867743,0.3381649164867743,0.0,0.0,1.0,0.0,0.0,95,5,0,0,False
m006_line_d500_o0.2,line,500,0.2,0.2,1,AverageConsensus,5,0.0,0.4462720964780295,0.4824512713970533,1.0,0.0,1.0920798610898097,0.034685901242034724,0.433024261227767,95,5,0,0,False
m006_line_d500_o0.2,line,500,0.2,0.2,1,BestRewardSelection,5,0.0,0.3401334491652158,0.3413582509000159,1.0,0.6666666666666666,1.0037358471790887,0.12299800285015515,0.10367724129795351,95,5,0,0,False
m006_line_d500_o0.2,line,500,0.2,0.2,1,WeightedConsensus,5,0.0,0.34330577730722395,0.3453869160063971,1.0,1.0,1.0063108780640675,0.08007909272029692,0.18423369672515533,95,5,0,0,False
m006_line_d500_o0.2,line,500,0.2,0.2,1,ConflictDampening,5,0.0,0.4423396152263909,0.47782937531799524,1.0,0.0,1.090272520188608,0.029029268077953883,0.4423599861898095,95,5,0,0,False
m006_line_d500_o0.2,line,500,0.2,0.2,2,NoCoordination,5,0.0,0.30676717613747734,0.30676717613747734,0.0,0.0,1.0,0.0,0.0,95,5,0,0,False
m006_line_d500_o0.2,line,500,0.2,0.2,2,AverageConsensus,5,0.0,0.4091955656966709,0.44331699159486865,1.0,0.0,1.0952022030202149,0.0392044840751492,0.5415495103241036,95,5,0,0,False
m006_line_d500_o0.2,line,500,0.2,0.2,2,BestRewardSelection,5,0.0,0.33277010308150823,0.3384703568154364,1.0,0.6666666666666666,1.0192405287898378,0.15280757564247063,0.16298047124163872,95,5,0,0,False
m006_line_d500_o0.2,line,500,0.2,0.2,2,WeightedConsensus,5,0.0,0.33134707805133495,0.3393973202363956,1.0,0.6666666666666666,1.0254774852064676,0.08746958650831951,0.1934818560499722,95,5,0,0,False
m006_line_d500_o0.2,line,500,0.2,0.2,2,ConflictDampening,5,0.0,0.4050411490098955,0.43888138738676286,1.0,0.0,1.0940753807307215,0.033883995880138906,0.5503342867676883,95,5,0,0,False
m007_line_d500_o0.3,line,500,0.3,0.3,0,NoCoordination,5,0.0,0.29079128138059124,0.29079128138059124,0.0,0.0,1.0,0.0,0.0,95,5,0,0,False
m007_line_d500_o0.3,line,500,0.3,0.3,0,AverageConsensus,5,0.0,0.3871775347467915,0.417101397445178,1.0,0.0,1.090308633195308,0.041155915300302555,0.8264434909487491,95,5,0,0,False
m007_line_d500_o0.3,line,500,0.3,0.3,0,BestRewardSelection,5,0.0,0.36439008786042804,0.3857203376595531,1.0,0.3333333333333333,1.0713388553445875,0.2859692959497471,0.7738325634114154,95,5,0,0,False
m007_line_d500_o0.3,line,500,0.3,0.3,0,WeightedConsensus,5,0.0,0.3508938472024921,0.37437171299757094,1.0,0.0,1.070875249364048,0.21735106642340288,0.7524035515907591,95,5,0,0,False
m007_line_d500_o0.3,line,500,0.3,0.3,0,ConflictDampening,5,0.0,0.38485009993399244,0.41483176649155357,1.0,0.0,1.0899013466163048,0.03587470676811293,0.8398444021837981,95,5,0,0,False
m007_line_d500_o0.3,line,500,0.3,0.3,1,NoCoordination,5,0.0,0.326323985357682,0.326323985357682,0.0,0.0,1.0,0.0,0.0,95,5,0,0,False
m007_line_d500_o0.3,line,500,0.3,0.3,1,AverageConsensus,5,0.0,0.46777968338506903,0.5181305420927612,1.0,0.0,1.1248249928290979,0.03557506964695503,0.6937135908370239,95,5,0,0,False
m007_line_d500_o0.3,line,500,0.3,0.3,1,BestRewardSelection,5,0.0,0.3864557676187445,0.40111228892762607,1.0,1.0,1.0670806757111575,0.25179714451470314,0.6378644255404948,95,5,0,0,False
m007_line_d500_o0.3,line,500,0.3,0.3,1,WeightedConsensus,5,0.0,0.3766535932132217,0.39292946385826694,1.0,0.3333333333333333,1.052882169945038,0.16988022638235623,0.5418367305182773,95,5,0,0,False
m007_line_d500_o0.3,line,500,0.3,0.3,1,ConflictDampening,5,0.0,0.4584711187799597,0.5069640980056477,1.0,0.0,1.120468504612752,0.029905240566002612,0.7051709662283582,95,5,0,0,False
m007_line_d500_o0.3,line,500,0.3,0.3,2,NoCoordination,5,0.0,0.28713118410532584,0.28713118410532584,0.0,0.0,1.0,0.0,0.0,95,5,0,0,False
m007_line_d500_o0.3,line,500,0.3,0.3,2,AverageConsensus,5,0.0,0.39549617893810485,0.4310661561247169,1.0,0.0,1.1049457654360968,0.03992749431913154,0.8339223488509894,95,5,0,0,False
m007_line_d500_o0.3,line,500,0.3,0.3,2,BestRewardSelection,5,0.0,0.35481366957435373,0.393593758787391,1.0,0.6666666666666666,1.1139167064435374,0.28418108198966574,0.9017163116457979,95,5,0,0,False
m007_line_d500_o0.3,line,500,0.3,0.3,2,WeightedConsensus,5,0.0,0.3396822358827669,0.3642036906962499,1.0,0.6666666666666666,1.0761261709685952,0.157488141263199,0.6994055909505805,95,5,0,0,False
m007_line_d500_o0.3,line,500,0.3,0.3,2,ConflictDampening,5,0.0,0.39176553026636884,0.42684275549377537,1.0,0.0,1.1033839285092681,0.03463983974931338,0.8402502349422672,95,5,0,0,False
m008_line_d1000_o0.05,line,1000,0.05,0.05,0,NoCoordination,5,0.0,0.2552417031929923,0.2552417031929923,0.0,0.0,1.0,0.0,0.0,95,5,0,0,False
m008_line_d1000_o0.05,line,1000,0.05,0.05,0,AverageConsensus,5,0.0,0.3366974774268193,0.36238665954173005,1.0,0.0,1.0883069786318598,0.0398678910207506,0.2511798741201059,95,5,0,0,False
m008_line_d1000_o0.05,line,1000,0.05,0.05,0,BestRewardSelection,5,0.0,0.29044677579919914,0.3014963912344058,1.0,0.6666666666666666,1.0409437939944621,0.10652082892236239,0.00905888979802159,95,5,0,0,False
m008_line_d1000_o0.05,line,1000,0.05,0.05,0,WeightedConsensus,5,0.0,0.2882565567040297,0.29917521655879786,1.0,0.3333333333333333,1.04001274073477,0.05011384883862086,0.03337180804259345,95,5,0,0,False
m008_line_d1000_o0.05,line,1000,0.05,0.05,0,ConflictDampening,5,0.0,0.33508238144425195,0.3606907792702552,1.0,0.0,1.0876012088256028,0.03577746121431085,0.2527837308985777,95,5,0,0,False
m008_line_d1000_o0.05,line,1000,0.05,0.05,1,NoCoordination,5,0.0,0.31041245405981227,0.31041245405981227,0.0,0.0,1.0,0.0,0.0,95,5,0,0,False
m008_line_d1000_o0.05,line,1000,0.05,0.05,1,AverageConsensus,5,0.0,0.3523642409503881,0.3676350216994273,1.0,0.0,1.04541427181664,0.03437849620063349,0.23210787889269713,95,5,0,0,False
m008_line_d1000_o0.05,line,1000,0.05,0.05,1,BestRewardSelection,5,0.0,0.3260534164272824,0.33103681497868925,1.0,0.3333333333333333,1.0158136028844416,0.13882591892131704,0.0440314880814194,95,5,0,0,False
m008_line_d1000_o0.05,line,1000,0.05,0.05,1,WeightedConsensus,5,0.0,0.3256094059005931,0.3306070643398652,1.0,0.3333333333333333,1.0159722179840547,0.0541690993273598,0.07531521735807108,95,5,0,0,False
m008_line_d1000_o0.05,line,1000,0.05,0.05,1,ConflictDampening,5,0.0,0.3522148328816417,0.3674534041706028,1.0,0.0,1.0453241257491477,0.03046401178961327,0.23699005618117266,95,5,0,0,False
m008_line_d1000_o0.05,line,1000,0.05,0.05,2,NoCoordination,5,0.0,0.2569032638208749,0.2569032638208749,0.0,0.0,1.0,0.0,0.0,95,5,0,0,False
m008_line_d1000_o0.05,line,1000,0.05,0.05,2,AverageConsensus,5,0.0,0.3335761584347324,0.35871023181585493,1.0,0.3333333333333333,1.0852399991185453,0.04103018934387736,0.2880620837021372,95,5,0,0,False
m008_line_d1000_o0.05,line,1000,0.05,0.05,2,BestRewardSelection,5,0.0,0.28333105823340726,0.2915124725283101,1.0,0.3333333333333333,1.030518029378981,0.09430343802538126,0.06093792584024234,95,5,0,0,False
m008_line_d1000_o0.05,line,1000,0.05,0.05,2,WeightedConsensus,5,0.0,0.2872469339080803,0.2994588850617956,1.0,0.0,1.0439104589067187,0.06903467087247649,0.07653676010841232,95,5,0,0,False
m008_line_d1000_o0.05,line,1000,0.05,0.05,2,ConflictDampening,5,0.0,0.3335708195681113,0.35870673396787667,1.0,0.3333333333333333,1.085243428244745,0.036869916273089026,0.2897915732469839,95,5,0,0,False
m009_line_d1000_o0.1,line,1000,0.1,0.1,0,NoCoordination,5,0.0,0.2985044548403809,0.2985044548403809,0.0,0.0,1.0,0.0,0.0,95,5,0,0,False
m009_line_d1000_o0.1,line,1000,0.1,0.1,0,AverageConsensus,5,0.0,0.3933697423727765,0.4232862973242352,1.0,0.0,1.088084072408536,0.04196648703795444,0.5557193474346844,95,5,0,0,False
m009_line_d1000_o0.1,line,1000,0.1,0.1,0,BestRewardSelection,5,0.0,0.30785963932180255,0.30826312094015185,1.0,0.6666666666666666,1.0018267956362645,0.07976736644400749,0.08109439251029471,95,5,0,0,False
m009_line_d1000_o0.1,line,1000,0.1,0.1,0,WeightedConsensus,5,0.0,0.3140978983323107,0.31941846718957884,1.0,0.6666666666666666,1.0174539258472393,0.06144702994279133,0.11872524911414853,95,5,0,0,False
m009_line_d1000_o0.1,line,1000,0.1,0.1,0,ConflictDampening,5,0.0,0.3909150721584015,0.42072991437815443,1.0,0.0,1.087382199750993,0.03674373363887942,0.5657780506938022,95,5,0,0,False
m009_line_d1000_o0.1,line,1000,0.1,0.1,1,NoCoordination,5,0.0,0.29395454439353685,0.29395454439353685,0.0,0.0,1.0,0.0,0.0,95,5,0,0,False
m009_line_d1000_o0.1,line,1000,0.1,0.1,1,AverageConsensus,5,0.0,0.36185812130496303,0.38346438546156525,1.0,0.0,1.0662872664806742,0.034685901242034724,0.43302426122776627,95,5,0,0,False
m009_line_d1000_o0.1,line,1000,0.1,0.1,1,BestRewardSelection,5,0.0,0.306261352373891,0.3085842303006098,1.0,0.3333333333333333,1.0080465018231568,0.08432558205180664,0.0,95,5,0,0,False
m009_line_d1000_o0.1,line,1000,0.1,0.1,1,WeightedConsensus,5,0.0,0.3103244637831555,0.3175565062480491,1.0,0.0,1.023515676454613,0.06596082739947783,0.08484067979411161,95,5,0,0,False
m009_line_d1000_o0.1,line,1000,0.1,0.1,1,ConflictDampening,5,0.0,0.36088551551166337,0.3824372482886957,1.0,0.0,1.0659798102813203,0.030096323755831746,0.44029277577144094,95,5,0,0,False
m009_line_d1000_o0.1,line,1000,0.1,0.1,2,NoCoordination,5,0.0,0.28034166771086855,0.28034166771086855,0.0,0.0,1.0,0.0,0.0,95,5,0,0,False
m009_line_d1000_o0.1,line,1000,0.1,0.1,2,AverageConsensus,5,0.0,0.351973205772162,0.374614562702418,1.0,0.3333333333333333,1.0721464759788761,0.0392044840751492,0.5415495103241043,95,5,0,0,False
m009_line_d1000_o0.1,line,1000,0.1,0.1,2,BestRewardSelection,5,0.0,0.3041255375526092,0.3159929771306835,1.0,0.0,1.0391960445066042,0.17247322244008123,0.23977981286714561,95,5,0,0,False
m009_line_d1000_o0.1,line,1000,0.1,0.1,2,WeightedConsensus,5,0.0,0.3125817003603064,0.3255145845377998,1.0,0.0,1.0425613430521952,0.082447942863027,0.3021211455263546,95,5,0,0,False
m009_line_d1000_o0.1,line,1000,0.1,0.1,2,ConflictDampening,5,0.0,0.35229704520615335,0.3750765553375115,1.0,0.3333333333333333,1.072530232111161,0.03464924114186769,0.5480635733861298,95,5,0,0,False
m010_line_d1000_o0.2,line,1000,0.2,0.2,0,NoCoordination,5,0.0,0.25169005088816493,0.25169005088816493,0.0,0.0,1.0,0.0,0.0,95,5,0,0,False
m010_line_d1000_o0.2,line,1000,0.2,0.2,0,AverageConsensus,5,0.0,0.3451783338524264,0.37548327518281416,1.0,0.0,1.1027078495987517,0.040666207498388535,1.1022861649166114,95,5,0,0,False
m010_line_d1000_o0.2,line,1000,0.2,0.2,0,BestRewardSelection,5,0.0,0.3432281754938186,0.36898819209216843,1.0,1.0,1.0928962491149414,0.22679963650661178,0.814657775469243,95,5,0,0,False
m010_line_d1000_o0.2,line,1000,0.2,0.2,0,WeightedConsensus,5,0.0,0.3407275618199219,0.365412706002045,1.0,1.0,1.0890238447475293,0.18262468819331049,0.7312422652373399,95,5,0,0,False
m010_line_d1000_o0.2,line,1000,0.2,0.2,0,ConflictDampening,5,0.0,0.34416683853529345,0.3744096655158053,1.0,0.0,1.1023830777367996,0.036383543467078304,1.1084087668315454,95,5,0,0,False
m010_line_d1000_o0.2,line,1000,0.2,0.2,1,NoCoordination,5,0.0,0.2692556496156822,0.2692556496156822,0.0,0.0,1.0,0.0,0.0,95,5,0,0,False
m010_line_d1000_o0.2,line,1000,0.2,0.2,1,AverageConsensus,5,0.0,0.355527527113577,0.38408919483679915,1.0,0.0,1.0916275238608846,0.03734362781054143,1.0257291210365682,95,5,0,0,False
m010_line_d1000_o0.2,line,1000,0.2,0.2,1,BestRewardSelection,5,0.0,0.3011734542397001,0.323067251250593,1.0,0.0,1.0712876816740835,0.2320674349020701,0.8774348879350204,95,5,0,0,False
m010_line_d1000_o0.2,line,1000,0.2,0.2,1,WeightedConsensus,5,0.0,0.30695144739179253,0.3242254202750107,1.0,0.0,1.0574502124748835,0.1615236377344858,0.6632018456088112,95,5,0,0,False
m010_line_d1000_o0.2,line,1000,0.2,0.2,1,ConflictDampening,5,0.0,0.35441916304858606,0.3828533039853654,1.0,0.0,1.0910808631455142,0.03293633380421109,1.0334669741355296,95,5,0,0,False
m010_line_d1000_o0.2,line,1000,0.2,0.2,2,NoCoordination,5,0.0,0.274575113527985,0.274575113527985,0.0,0.0,1.0,0.0,0.0,95,5,0,0,False
m010_line_d1000_o0.2,line,1000,0.2,0.2,2,AverageConsensus,5,0.0,0.3704889630132307,0.4009980615170025,1.0,0.0,1.096084468057621,0.04022130883892344,1.1088600002399842,95,5,0,0,False
m010_line_d1000_o0.2,line,1000,0.2,0.2,2,BestRewardSelection,5,0.0,0.32252836933094675,0.3374787757311272,1.0,1.0,1.0518728638034407,0.15079086682197618,0.4255252240225113,95,5,0,0,False
m010_line_d1000_o0.2,line,1000,0.2,0.2,2,WeightedConsensus,5,0.0,0.31835075664056695,0.3356120746288579,1.0,0.0,1.0569293873718713,0.1235399391134842,0.5062476741348405,95,5,0,0,False
m010_line_d1000_o0.2,line,1000,0.2,0.2,2,ConflictDampening,5,0.0,0.36921151342363573,0.39967048007580364,1.0,0.0,1.0957873897017099,0.0348466807550581,1.1206932974497237,95,5,0,0,False
m011_line_d1000_o0.3,line,1000,0.3,0.3,0,NoCoordination,5,0.0,0.23328894098466524,0.23328894098466524,0.0,0.0,1.0,0.0,0.0,95,5,0,0,False
m011_line_d1000_o0.3,line,1000,0.3,0.3,0,AverageConsensus,5,0.0,0.3671501447687458,0.41323940583433066,1.0,0.0,1.1541459156230178,0.043103765796147504,1.856710766661072,95,5,0,0,False
m011_line_d1000_o0.3,line,1000,0.3,0.3,0,BestRewardSelection,5,0.0,0.356230929079726,0.38346122866417554,1.0,0.3333333333333333,1.1093572286094395,0.22193501952116823,1.273015580639328,95,5,0,0,False
m011_line_d1000_o0.3,line,1000,0.3,0.3,0,WeightedConsensus,5,0.0,0.34690864522907383,0.3785757282570869,1.0,0.3333333333333333,1.1188006072242838,0.1912224721225475,1.3099563630077553,95,5,0,0,False
m011_line_d1000_o0.3,line,1000,0.3,0.3,0,ConflictDampening,5,0.0,0.3637554243122109,0.40946179958314183,1.0,0.0,1.1524969083181584,0.03876606022732631,1.8547741274238496,95,5,0,0,False
m011_line_d1000_o0.3,line,1000,0.3,0.3,1,NoCoordination,5,0.0,0.28124327179710085,0.28124327179710085,0.0,0.0,1.0,0.0,0.0,95,5,0,0,False
m011_line_d1000_o0.3,line,1000,0.3,0.3,1,AverageConsensus,5,0.0,0.4097403598749378,0.4519218712204375,1.0,0.0,1.123966040901426,0.03742320237488437,1.5366603174395506,95,5,0,0,False
m011_line_d1000_o0.3,line,1000,0.3,0.3,1,BestRewardSelection,5,0.0,0.34689614071004765,0.3733232062210796,1.0,0.6666666666666666,1.08202499030113,0.20740778480919503,0.951842684251095,95,5,0,0,False
m011_line_d1000_o0.3,line,1000,0.3,0.3,1,WeightedConsensus,5,0.0,0.34690809632491104,0.36861636762797445,1.0,0.3333333333333333,1.0703186956462836,0.18009785364225034,0.9231992956985365,95,5,0,0,False
m011_line_d1000_o0.3,line,1000,0.3,0.3,1,ConflictDampening,5,0.0,0.4059035043303222,0.4478461040104597,1.0,0.0,1.1228171625723418,0.03217573011502944,1.5463645182100594,95,5,0,0,False
m011_line_d1000_o0.3,line,1000,0.3,0.3,2,NoCoordination,5,0.0,0.2281933335544086,0.2281933335544086,0.0,0.0,1.0,0.0,0.0,95,5,0,0,False
m011_line_d1000_o0.3,line,1000,0.3,0.3,2,AverageConsensus,5,0.0,0.361330926408251,0.4089259518953524,1.0,0.0,1.1597098375946087,0.04273141432378973,1.8621426851237124,95,5,0,0,False
m011_line_d1000_o0.3,line,1000,0.3,0.3,2,BestRewardSelection,5,0.0,0.3379535801584412,0.3727248679730649,1.0,0.0,1.128064971948362,0.2362660682426443,1.4611636325208044,95,5,0,0,False
m011_line_d1000_o0.3,line,1000,0.3,0.3,2,WeightedConsensus,5,0.0,0.3307902933360897,0.3700042805711408,1.0,0.6666666666666666,1.1402707860055112,0.20214972665099112,1.453869584220444,95,5,0,0,False
m011_line_d1000_o0.3,line,1000,0.3,0.3,2,ConflictDampening,5,0.0,0.35621532777257003,0.4025360741992869,1.0,0.0,1.1559208753014907,0.038301787834126244,1.853967780489424,95,5,0,0,False
m012_ring_d100_o0.05,ring,100,0.05,0.05,0,NoCoordination,5,0.0,0.511631959831812,0.511631959831812,0.0,0.0,1.0,0.0,0.0,95,5,0,0,False
m012_ring_d100_o0.05,ring,100,0.05,0.05,0,AverageConsensus,5,0.0,0.5135337661433552,0.5140547343979256,1.0,0.3333333333333333,1.0010169946847487,0.02200133997960634,0.003559412655962403,95,5,0,0,False
m012_ring_d100_o0.05,ring,100,0.05,0.05,0,BestRewardSelection,5,0.016111574308666988,0.48989513887942016,0.48200215694590964,1.0,0.0,0.9841082921333353,0.05380510711538443,0.0,95,5,0,0,False
m012_ring_d100_o0.05,ring,100,0.05,0.05,0,WeightedConsensus,5,0.009226360788927853,0.49885871404228443,0.4942560635638298,1.0,0.0,0.9908507237197991,0.04309339696977554,0.0,95,5,0,0,False
m012_ring_d100_o0.05,ring,100,0.05,0.05,0,ConflictDampening,5,0.0,0.5132500014378889,0.5137505734610678,1.0,0.0,1.000976866063813,0.016410159579990563,0.004495837783864724,95,5,0,0,False
m012_ring_d100_o0.05,ring,100,0.05,0.05,1,NoCoordination,5,0.0,0.4582820133286732,0.4582820133286732,0.0,0.0,1.0,0.0,0.0,95,5,0,0,False
m012_ring_d100_o0.05,ring,100,0.05,0.05,1,AverageConsensus,5,0.0,0.5226581223724767,0.5434508869978528,1.0,0.0,1.0434210826780927,0.03583140120608781,0.020811230984416944,95,5,0,0,False
m012_ring_d100_o0.05,ring,100,0.05,0.05,1,BestRewardSelection,5,0.0,0.5284194216494393,0.541782620330591,1.0,0.3333333333333333,1.0309240038818999,0.05600526487310613,0.0,95,5,0,0,False
m012_ring_d100_o0.05,ring,100,0.05,0.05,1,WeightedConsensus,5,0.0,0.531483977257974,0.5466091420452441,1.0,0.3333333333333333,1.034292892285317,0.053222780879491685,0.002003518031174086,95,5,0,0,False
m012_ring_d100_o0.05,ring,100,0.05,0.05,1,ConflictDampening,5,0.0,0.520897904222748,0.5415680530594505,1.0,0.0,1.0431779134504953,0.027767817518260306,0.0217776948949798,95,5,0,0,False
m012_ring_d100_o0.05,ring,100,0.05,0.05,2,NoCoordination,5,0.0,0.31698506759430617,0.31698506759430617,0.0,0.0,1.0,0.0,0.0,95,5,0,0,False
m012_ring_d100_o0.05,ring,100,0.05,0.05,2,AverageConsensus,5,0.0,0.38970274126891347,0.42375352709930547,1.0,0.0,1.0937197488066281,0.054768065416375335,0.05900672953187007,95,5,0,0,False
m012_ring_d100_o0.05,ring,100,0.05,0.05,2,BestRewardSelection,5,0.0,0.3224079046849949,0.32321706799552163,1.0,0.3333333333333333,1.0025849234501973,0.05812245333808687,0.044143281073179,95,5,0,0,False
m012_ring_d100_o0.05,ring,100,0.05,0.05,2,WeightedConsensus,5,0.0,0.34054843861626716,0.3575181761481393,1.0,0.0,1.0512384278246625,0.04090270324751388,0.05618630700475903,95,5,0,0,False
m012_ring_d100_o0.05,ring,100,0.05,0.05,2,ConflictDampening,5,0.0,0.38899537392683997,0.42280424800531535,1.0,0.0,1.0932263203736277,0.05030657108858659,0.0600742228006338,95,5,0,0,False
m013_ring_d100_o0.1,ring,100,0.1,0.1,0,NoCoordination,5,0.0,0.3906226597507925,0.3906226597507925,0.0,0.0,1.0,0.0,0.0,95,5,0,0,False
m013_ring_d100_o0.1,ring,100,0.1,0.1,0,AverageConsensus,5,0.0,0.4751983554280619,0.5019476619305188,1.0,0.0,1.0623455224012939,0.035615525374404024,0.032300003027007494,95,5,0,0,False
m013_ring_d100_o0.1,ring,100,0.1,0.1,0,BestRewardSelection,5,0.0,0.4313312675905519,0.4404058540282253,1.0,1.0,1.0249931801322512,0.11194585110028374,0.0,95,5,0,0,False
m013_ring_d100_o0.1,ring,100,0.1,0.1,0,WeightedConsensus,5,0.0,0.4316140267681854,0.44000800621234454,1.0,0.0,1.0226028514848817,0.06074370620427081,0.0,95,5,0,0,False
m013_ring_d100_o0.1,ring,100,0.1,0.1,0,ConflictDampening,5,0.0,0.4724313313416653,0.49848585801852097,1.0,0.0,1.0609023584630708,0.027703959858818843,0.034159852229219655,95,5,0,0,False
m013_ring_d100_o0.1,ring,100,0.1,0.1,1,NoCoordination,5,0.0,0.47038690591795307,0.47038690591795307,0.0,0.0,1.0,0.0,0.0,95,5,0,0,False
m013_ring_d100_o0.1,ring,100,0.1,0.1,1,AverageConsensus,5,0.0,0.5055378472555159,0.5168210058369035,1.0,0.0,1.0233662233200076,0.02857592291850634,0.026888653162529676,95,5,0,0,False
m013_ring_d100_o0.1,ring,100,0.1,0.1,1,BestRewardSelection,5,1.4375059076603192e-05,0.4884784943987835,0.4884714724915689,1.0,0.0,1.0006781040021075,0.06949080860740448,0.0,95,5,0,0,False
m013_ring_d100_o0.1,ring,100,0.1,0.1,1,WeightedConsensus,5,0.0,0.4950167372469145,0.497920077813801,1.0,0.0,1.0068224422169325,0.04520205261716158,0.0,95,5,0,0,False
m013_ring_d100_o0.1,ring,100,0.1,0.1,1,ConflictDampening,5,0.0,0.5043156882199756,0.5155073944734321,1.0,0.0,1.0231772775286831,0.021895131372125624,0.028405427782671137,95,5,0,0,False
m013_ring_d100_o0.1,ring,100,0.1,0.1,2,NoCoordination,5,0.0,0.4210994636353025,0.4210994636353025,0.0,0.0,1.0,0.0,0.0,95,5,0,0,False
m013_ring_d100_o0.1,ring,100,0.1,0.1,2,AverageConsensus,5,0.0,0.47654413765423687,0.49869813824087905,1.0,0.0,1.0483680665153667,0.04161381811207737,0.07331063907958772,95,5,0,0,False
m013_ring_d100_o0.1,ring,100,0.1,0.1,2,BestRewardSelection,5,0.029965701233349427,0.3886352370887277,0.376989509685375,1.0,0.6666666666666666,0.9709822357305882,0.10737116202585735,0.04065524363017827,95,5,0,0,False
m013_ring_d100_o0.1,ring,100,0.1,0.1,2,WeightedConsensus,5,0.0,0.4193041536197521,0.423775702544485,1.0,1.0,1.0114350468621764,0.041773935156078267,0.059538910106987725,95,5,0,0,False
m013_ring_d100_o0.1,ring,100,0.1,0.1,2,ConflictDampening,5,0.0,0.47502760322979826,0.4968712832281945,1.0,0.0,1.0477184390742598,0.03551449991773269,0.07473060170955224,95,5,0,0,False
m014_ring_d100_o0.2,ring,100,0.2,0.2,0,NoCoordination,5,0.0,0.4265689094447055,0.4265689094447055,0.0,0.0,1.0,0.0,0.0,95,5,0,0,False
m014_ring_d100_o0.2,ring,100,0.2,0.2,0,AverageConsensus,5,0.0,0.5229641281869611,0.548975847423726,1.0,0.3333333333333333,1.0574963739655017,0.03681985452830343,0.0895919879362961,95,5,0,0,False
m014_ring_d100_o0.2,ring,100,0.2,0.2,0,BestRewardSelection,5,0.0,0.48226330136322243,0.4896721901813967,1.0,0.3333333333333333,1.020225451098313,0.09787921746436065,0.0,95,5,0,0,False
m014_ring_d100_o0.2,ring,100,0.2,0.2,0,WeightedConsensus,5,0.0,0.4861085213079718,0.495842801113546,1.0,0.0,1.0253295968577194,0.06228537592322644,0.006861307881417501,95,5,0,0,False
m014_ring_d100_o0.2,ring,100,0.2,0.2,0,ConflictDampening,5,0.0,0.5234513789115951,0.550168222433156,1.0,0.3333333333333333,1.058692320571505,0.028477217871398026,0.09432666552638536,95,5,0,0,False
m014_ring_d100_o0.2,ring,100,0.2,0.2,1,NoCoordination,5,0.0,0.45290899156582815,0.45290899156582815,0.0,0.0,1.0,0.0,0.0,95,5,0,0,False
m014_ring_d100_o0.2,ring,100,0.2,0.2,1,AverageConsensus,5,0.0,0.5068426164067044,0.523994625200404,1.0,0.0,1.0357794404522092,0.024249530120240247,0.039441376478693335,95,5,0,0,False
m014_ring_d100_o0.2,ring,100,0.2,0.2,1,BestRewardSelection,5,0.00428878235123131,0.44713982326019447,0.4452221378776634,1.0,0.3333333333333333,0.9964265211488368,0.09969679966421507,0.0,95,5,0,0,False
m014_ring_d100_o0.2,ring,100,0.2,0.2,1,WeightedConsensus,5,0.0,0.4699292814453372,0.47319495184954313,1.0,0.3333333333333333,1.0073045802083471,0.03800244634665863,0.0,95,5,0,0,False
m014_ring_d100_o0.2,ring,100,0.2,0.2,1,ConflictDampening,5,0.0,0.5026926001716452,0.519466576370368,1.0,0.0,1.0349156249012332,0.018498154372929267,0.04167041288940628,95,5,0,0,False
m014_ring_d100_o0.2,ring,100,0.2,0.2,2,NoCoordination,5,0.0,0.4167067673759476,0.4167067673759476,0.0,0.0,1.0,0.0,0.0,95,5,0,0,False
m014_ring_d100_o0.2,ring,100,0.2,0.2,2,AverageConsensus,5,0.0,0.45118730360789744,0.4610297174791941,1.0,1.0,1.0230684369404799,0.033674191389966204,0.09366276719638665,95,5,0,0,False
m014_ring_d100_o0.2,ring,100,0.2,0.2,2,BestRewardSelection,5,0.027135203034021643,0.3798697634653298,0.3695619203072123,1.0,0.3333333333333333,0.9758169170261107,0.12098794949008056,0.029054671961753126,95,5,0,0,False
m014_ring_d100_o0.2,ring,100,0.2,0.2,2,WeightedConsensus,5,0.009209333676865635,0.4038511681054719,0.40013196794259664,1.0,0.6666666666666666,0.9912837924736435,0.05589804237917726,0.05538168084621114,95,5,0,0,False
m014_ring_d100_o0.2,ring,100,0.2,0.2,2,ConflictDampening,5,0.0,0.44884956625800543,0.45933688347244417,1.0,1.0,1.0244177613414902,0.027924660133615088,0.09628625902408522,95,5,0,0,False
m015_ring_d100_o0.3,ring,100,0.3,0.3,0,NoCoordination,5,0.0,0.3843202956861847,0.3843202956861847,0.0,0.0,1.0,0.0,0.0,95,5,0,0,False
m015_ring_d100_o0.3,ring,100,0.3,0.3,0,AverageConsensus,5,0.0,0.5162153550429269,0.5548808367270447,1.0,0.3333333333333333,1.0895788123787606,0.03462193202675283,0.11877261690518469,95,5,0,0,False
m015_ring_d100_o0.3,ring,100,0.3,0.3,0,BestRewardSelection,5,0.0,0.40419855812222705,0.41398600758372206,1.0,0.3333333333333333,1.0277529821302163,0.16606769352983608,0.03186859765138943,95,5,0,0,False
m015_ring_d100_o0.3,ring,100,0.3,0.3,0,WeightedConsensus,5,0.0,0.4275668209612042,0.4405628631708371,1.0,0.6666666666666666,1.0330338677620854,0.05964557629149419,0.05512332360224174,95,5,0,0,False
m015_ring_d100_o0.3,ring,100,0.3,0.3,0,ConflictDampening,5,0.0,0.512464212007272,0.5512898230595098,1.0,0.0,1.089317525531774,0.02726404048094403,0.12256389615981976,95,5,0,0,False
m015_ring_d100_o0.3,ring,100,0.3,0.3,1,NoCoordination,5,0.0,0.4059874775290953,0.4059874775290953,0.0,0.0,1.0,0.0,0.0,95,5,0,0,False
m015_ring_d100_o0.3,ring,100,0.3,0.3,1,AverageConsensus,5,0.0,0.4836116399026036,0.508792977521525,1.0,0.0,1.056643861544437,0.03093296977568072,0.12256171136591569,95,5,0,0,False
m015_ring_d100_o0.3,ring,100,0.3,0.3,1,BestRewardSelection,5,0.0,0.4731422809736016,0.47862220080010165,1.0,0.3333333333333333,1.021212285181532,0.20164966816696692,0.0420590198471824,95,5,0,0,False
m015_ring_d100_o0.3,ring,100,0.3,0.3,1,WeightedConsensus,5,0.0,0.4508174033182475,0.4644709218408551,1.0,0.3333333333333333,1.0320792791559854,0.04642294565899111,0.07409553119883283,95,5,0,0,False
m015_ring_d100_o0.3,ring,100,0.3,0.3,1,ConflictDampening,5,0.0,0.47720643698837245,0.5017520719282634,1.0,0.0,1.0550359857456075,0.02595751894027869,0.12700601157637467,95,5,0,0,False
m015_ring_d100_o0.3,ring,100,0.3,0.3,2,NoCoordination,5,0.0,0.3422003619185105,0.3422003619185105,0.0,0.0,1.0,0.0,0.0,95,5,0,0,False
m015_ring_d100_o0.3,ring,100,0.3,0.3,2,AverageConsensus,5,0.0,0.4455432852638471,0.48808841332392083,1.0,0.0,1.1028987035155824,0.04058191699347872,0.18231396304011097,95,5,0,0,False
m015_ring_d100_o0.3,ring,100,0.3,0.3,2,BestRewardSelection,5,0.0,0.37377601246474706,0.379424152979765,1.0,1.0,1.017515195542916,0.15663637160236973,0.10147271220165764,95,5,0,0,False
m015_ring_d100_o0.3,ring,100,0.3,0.3,2,WeightedConsensus,5,0.0,0.39127353259328274,0.4089355322796427,1.0,0.6666666666666666,1.0480742599278272,0.05215052310794724,0.12332581117052287,95,5,0,0,False
m015_ring_d100_o0.3,ring,100,0.3,0.3,2,ConflictDampening,5,0.0,0.4320726003109626,0.47117640564307306,1.0,0.0,1.0952206257568602,0.03553494170854024,0.1857929139335195,95,5,0,0,False
m016_ring_d500_o0.05,ring,500,0.05,0.05,0,NoCoordination,5,0.0,0.27647159113446895,0.27647159113446895,0.0,0.0,1.0,0.0,0.0,95,5,0,0,False
m016_ring_d500_o0.05,ring,500,0.05,0.05,0,AverageConsensus,5,0.0,0.3583325003589388,0.3819367088026176,1.0,0.3333333333333333,1.0774439021730289,0.036364403174864134,0.10912578914760286,95,5,0,0,False
m016_ring_d500_o0.05,ring,500,0.05,0.05,0,BestRewardSelection,5,0.0,0.31311140759955436,0.32155196032144423,1.0,0.3333333333333333,1.0306728148784985,0.08130397328864782,0.0,95,5,0,0,False
m016_ring_d500_o0.05,ring,500,0.05,0.05,0,WeightedConsensus,5,0.0,0.3219884208294617,0.33346378151860334,1.0,0.3333333333333333,1.0403946479395176,0.0632483603072384,0.0003251207940039828,95,5,0,0,False
m016_ring_d500_o0.05,ring,500,0.05,0.05,0,ConflictDampening,5,0.0,0.35845140208188386,0.3820733152909249,1.0,0.3333333333333333,1.0775116565791882,0.030994623889484884,0.1108210984444521,95,5,0,0,False
m016_ring_d500_o0.05,ring,500,0.05,0.05,1,NoCoordination,5,0.0,0.3249982170076528,0.3249982170076528,0.0,0.0,1.0,0.0,0.0,95,5,0,0,False
m016_ring_d500_o0.05,ring,500,0.05,0.05,1,AverageConsensus,5,0.0,0.37649215557095445,0.3937259265131669,1.0,0.0,1.0490182400678232,0.031244121525241638,0.10011102248505584,95,5,0,0,False
m016_ring_d500_o0.05,ring,500,0.05,0.05,1,BestRewardSelection,5,0.0,0.3489893081992373,0.35586942712763137,1.0,0.6666666666666666,1.0210499066407233,0.0769559444320847,0.0,95,5,0,0,False
m016_ring_d500_o0.05,ring,500,0.05,0.05,1,WeightedConsensus,5,0.0,0.35656299157257193,0.3636958448388352,1.0,0.0,1.0223507779966647,0.04767766492618466,0.0,95,5,0,0,False
m016_ring_d500_o0.05,ring,500,0.05,0.05,1,ConflictDampening,5,0.0,0.37611516160699293,0.3932586532104438,1.0,0.0,1.0487707357547005,0.026622866058666907,0.10231072218520341,95,5,0,0,False
m016_ring_d500_o0.05,ring,500,0.05,0.05,2,NoCoordination,5,0.0,0.3140753333838454,0.3140753333838454,0.0,0.0,1.0,0.0,0.0,95,5,0,0,False
m016_ring_d500_o0.05,ring,500,0.05,0.05,2,AverageConsensus,5,0.0,0.36419177055926494,0.3791247501987752,1.0,1.0,1.0452604428498375,0.03287919458615389,0.1053759580878522,95,5,0,0,False
m016_ring_d500_o0.05,ring,500,0.05,0.05,2,BestRewardSelection,5,0.0,0.32887655429266177,0.33283690544755407,1.0,0.6666666666666666,1.0126740229661297,0.0845506768117407,0.0,95,5,0,0,False
m016_ring_d500_o0.05,ring,500,0.05,0.05,2,WeightedConsensus,5,0.0,0.34266159342493563,0.3521055768025827,1.0,0.3333333333333333,1.0288601848952275,0.05888002893234295,0.008574001473520136,95,5,0,0,False
m016_ring_d500_o0.05,ring,500,0.05,0.05,2,ConflictDampening,5,0.0,0.3616543557183479,0.376568694405092,1.0,1.0,1.0445564196449557,0.0278962448220835,0.10756834378383928,95,5,0,0,False
m017_ring_d500_o0.1,ring,500,0.1,0.1,0,NoCoordination,5,0.0,0.26197366381166975,0.26197366381166975,0.0,0.0,1.0,0.0,0.0,95,5,0,0,False
m017_ring_d500_o0.1,ring,500,0.1,0.1,0,AverageConsensus,5,0.0,0.3505795310556468,0.37732249275319624,1.0,0.0,1.090207610907718,0.03906819148949093,0.2518010236780734,95,5,0,0,False
m017_ring_d500_o0.1,ring,500,0.1,0.1,0,BestRewardSelection,5,0.0,0.3042110938547376,0.3137781826842565,1.0,0.3333333333333333,1.036618112473445,0.08685665369259944,0.022322056106619328,95,5,0,0,False
m017_ring_d500_o0.1,ring,500,0.1,0.1,0,WeightedConsensus,5,0.0,0.31513429218122163,0.3308532728968729,1.0,0.0,1.0564157790202586,0.05721174482188363,0.08119527808630335,95,5,0,0,False
m017_ring_d500_o0.1,ring,500,0.1,0.1,0,ConflictDampening,5,0.0,0.34921845209716085,0.3759667970139638,1.0,0.0,1.0896620111674309,0.0341227623666853,0.2539715207153527,95,5,0,0,False
m017_ring_d500_o0.1,ring,500,0.1,0.1,1,NoCoordination,5,0.0,0.3393010797796775,0.3393010797796775,0.0,0.0,1.0,0.0,0.0,95,5,0,0,False
m017_ring_d500_o0.1,ring,500,0.1,0.1,1,AverageConsensus,5,0.0,0.38690332640882313,0.40427853506566475,1.0,0.0,1.0470761079696724,0.0331835702729783,0.23131440038277984,95,5,0,0,False
m017_ring_d500_o0.1,ring,500,0.1,0.1,1,BestRewardSelection,5,0.0,0.34167269845081605,0.3451480491068854,1.0,0.6666666666666666,1.0103151206721648,0.1509954788887832,0.07340058481604665,95,5,0,0,False
m017_ring_d500_o0.1,ring,500,0.1,0.1,1,WeightedConsensus,5,0.0,0.346994785396742,0.3517588494313684,1.0,0.0,1.013865202873209,0.05647334193901682,0.09908147650581013,95,5,0,0,False
m017_ring_d500_o0.1,ring,500,0.1,0.1,1,ConflictDampening,5,0.0,0.38643810972820164,0.4037072672560762,1.0,0.0,1.0468040391119056,0.02882313651190306,0.23663321289493255,95,5,0,0,False
m017_ring_d500_o0.1,ring,500,0.1,0.1,2,NoCoordination,5,0.0,0.2826086915222993,0.2826086915222993,0.0,0.0,1.0,0.0,0.0,95,5,0,0,False
m017_ring_d500_o0.1,ring,500,0.1,0.1,2,AverageConsensus,5,0.0,0.3732254129250097,0.4022160382099579,1.0,0.0,1.0897962217547088,0.04068081850409478,0.2873291505327947,95,5,0,0,False
m017_ring_d500_o0.1,ring,500,0.1,0.1,2,BestRewardSelection,5,0.0,0.3146718278380622,0.3228454980981185,1.0,0.3333333333333333,1.0282302874364313,0.0813091279659412,0.017721638866642832,95,5,0,0,False
m017_ring_d500_o0.1,ring,500,0.1,0.1,2,WeightedConsensus,5,0.0,0.3233370156362959,0.33611072747927045,1.0,0.3333333333333333,1.0422735956494393,0.056510798419358875,0.07608828831421695,95,5,0,0,False
m017_ring_d500_o0.1,ring,500,0.1,0.1,2,ConflictDampening,5,0.0,0.371464678817371,0.4003629130122512,1.0,0.0,1.088961220567906,0.035660794461780186,0.29168011886603035,95,5,0,0,False
m018_ring_d500_o0.2,ring,500,0.2,0.2,0,NoCoordination,5,0.0,0.24909408081596965,0.24909408081596965,0.0,0.0,1.0,0.0,0.0,95,5,0,0,False
m018_ring_d500_o0.2,ring,500,0.2,0.2,0,AverageConsensus,5,0.0,0.3469339261334282,0.3785669667050412,1.0,0.0,1.1076775712561608,0.04209266791041221,0.5549741578879682,95,5,0,0,False
m018_ring_d500_o0.2,ring,500,0.2,0.2,0,BestRewardSelection,5,0.0,0.32747663792056575,0.34878224556933374,1.0,0.3333333333333333,1.0797812513979987,0.16234286351832983,0.2110090840037015,95,5,0,0,False
m018_ring_d500_o0.2,ring,500,0.2,0.2,0,WeightedConsensus,5,0.0,0.32583000599551953,0.34843910895596036,1.0,0.3333333333333333,1.081467051114122,0.08869177247060693,0.22532392016412478,95,5,0,0,False
m018_ring_d500_o0.2,ring,500,0.2,0.2,0,ConflictDampening,5,0.0,0.345073009453882,0.3766653115664642,1.0,0.0,1.1074082287542015,0.03764626828973771,0.5593639437246525,95,5,0,0,False
m018_ring_d500_o0.2,ring,500,0.2,0.2,1,NoCoordination,5,0.0,0.3619032962835301,0.3619032962835301,0.0,0.0,1.0,0.0,0.0,95,5,0,0,False
m018_ring_d500_o0.2,ring,500,0.2,0.2,1,AverageConsensus,5,0.0,0.4411102605462624,0.46722651071793864,1.0,0.0,1.0648867950230223,0.03393089225259962,0.43436775605935757,95,5,0,0,False
m018_ring_d500_o0.2,ring,500,0.2,0.2,1,BestRewardSelection,5,0.0,0.3677196611524354,0.3725184455460684,1.0,0.6666666666666666,1.0144702217253545,0.1566650244934336,0.11192170082314963,95,5,0,0,False
m018_ring_d500_o0.2,ring,500,0.2,0.2,1,WeightedConsensus,5,0.0,0.3677038601819292,0.3714657342186279,1.0,0.3333333333333333,1.01066767700212,0.07724499839759703,0.17737888439114913,95,5,0,0,False
m018_ring_d500_o0.2,ring,500,0.2,0.2,1,ConflictDampening,5,0.0,0.438326820416624,0.464093236213213,1.0,0.0,1.0639090117688434,0.028477484403514008,0.44670878872124387,95,5,0,0,False
m018_ring_d500_o0.2,ring,500,0.2,0.2,2,NoCoordination,5,0.0,0.2882756857980469,0.2882756857980469,0.0,0.0,1.0,0.0,0.0,95,5,0,0,False
m018_ring_d500_o0.2,ring,500,0.2,0.2,2,AverageConsensus,5,0.0,0.40191066958642957,0.43779982370216775,1.0,0.0,1.1064505306682886,0.03941696907509735,0.5398378147900997,95,5,0,0,False
m018_ring_d500_o0.2,ring,500,0.2,0.2,2,BestRewardSelection,5,0.0,0.32804464073409056,0.3411395468018938,1.0,1.0,1.0441148447656656,0.19214324300657531,0.2888427893323211,95,5,0,0,False
m018_ring_d500_o0.2,ring,500,0.2,0.2,2,WeightedConsensus,5,0.0,0.3305424819585925,0.3426071300983592,1.0,0.6666666666666666,1.0406869925067765,0.0930905445095693,0.2527308909409355,95,5,0,0,False
m018_ring_d500_o0.2,ring,500,0.2,0.2,2,ConflictDampening,5,0.0,0.39747145443176907,0.43304797714677223,1.0,0.0,1.1048604302034464,0.033766202032728045,0.5491399734774458,95,5,0,0,False
m019_ring_d500_o0.3,ring,500,0.3,0.3,0,NoCoordination,5,0.0,0.24949279629102913,0.24949279629102913,0.0,0.0,1.0,0.0,0.0,95,5,0,0,False
m019_ring_d500_o0.3,ring,500,0.3,0.3,0,AverageConsensus,5,0.0,0.3551551552128696,0.38785200233170325,1.0,0.3333333333333333,1.1115751571274806,0.04164321351261395,0.8238612166095937,95,5,0,0,False
m019_ring_d500_o0.3,ring,500,0.3,0.3,0,BestRewardSelection,5,0.0,0.34801464062942,0.37055902958133186,1.0,0.3333333333333333,1.08564574483201,0.20294202559637195,0.5156061383811029,95,5,0,0,False
m019_ring_d500_o0.3,ring,500,0.3,0.3,0,WeightedConsensus,5,0.0,0.3362310657078668,0.3622630691805954,1.0,0.3333333333333333,1.0915982254388863,0.15877358487281934,0.6088536405623802,95,5,0,0,False
m019_ring_d500_o0.3,ring,500,0.3,0.3,0,ConflictDampening,5,0.0,0.3538679891291039,0.3868862962601823,1.0,0.0,1.1119773726083224,0.03679934398588651,0.8275931164529543,95,5,0,0,False
m019_ring_d500_o0.3,ring,500,0.3,0.3,1,NoCoordination,5,0.0,0.28487868487685736,0.28487868487685736,0.0,0.0,1.0,0.0,0.0,95,5,0,0,False
m019_ring_d500_o0.3,ring,500,0.3,0.3,1,AverageConsensus,5,0.0,0.38600390277432056,0.420034622480273,1.0,0.0,1.1014539031348605,0.03516449009980671,0.6940678838925518,95,5,0,0,False
m019_ring_d500_o0.3,ring,500,0.3,0.3,1,BestRewardSelection,5,0.0,0.3552966739355742,0.3789912188236801,1.0,0.3333333333333333,1.073806139254695,0.2336096081863543,0.4815466065423035,95,5,0,0,False
m019_ring_d500_o0.3,ring,500,0.3,0.3,1,WeightedConsensus,5,0.0,0.3414406062294177,0.3609078805073373,1.0,0.0,1.061521488758164,0.12764088201840867,0.5058934945775244,95,5,0,0,False
m019_ring_d500_o0.3,ring,500,0.3,0.3,1,ConflictDampening,5,0.0,0.3810762784203544,0.41428394411283326,1.0,0.0,1.0990051041309565,0.030444332275985423,0.7006995874764977,95,5,0,0,False
m019_ring_d500_o0.3,ring,500,0.3,0.3,2,NoCoordination,5,0.0,0.29752075708628933,0.29752075708628933,0.0,0.0,1.0,0.0,0.0,95,5,0,0,False
m019_ring_d500_o0.3,ring,500,0.3,0.3,2,AverageConsensus,5,0.0,0.3921219239475321,0.4231836493816735,1.0,0.0,1.0902932916248107,0.03991838919732296,0.8303634306738454,95,5,0,0,False
m019_ring_d500_o0.3,ring,500,0.3,0.3,2,BestRewardSelection,5,0.0,0.34978405651932604,0.3698923326116595,1.0,0.3333333333333333,1.0639088697264645,0.2537918084927163,0.7219505940973954,95,5,0,0,False
m019_ring_d500_o0.3,ring,500,0.3,0.3,2,WeightedConsensus,5,0.0,0.3336338751289834,0.3457714053242745,1.0,0.3333333333333333,1.0392476082460556,0.1339589724821952,0.7271798533954918,95,5,0,0,False
m019_ring_d500_o0.3,ring,500,0.3,0.3,2,ConflictDampening,5,0.0,0.38840227476016265,0.41938061621196515,1.0,0.0,1.0896692467009934,0.034750985986073374,0.8451298525592923,95,5,0,0,False
m020_ring_d1000_o0.05,ring,1000,0.05,0.05,0,NoCoordination,5,0.0,0.2471041185066917,0.2471041185066917,0.0,0.0,1.0,0.0,0.0,95,5,0,0,False
m020_ring_d1000_o0.05,ring,1000,0.05,0.05,0,AverageConsensus,5,0.0,0.3399532227631313,0.36823841927914186,1.0,0.0,1.0997791725643615,0.03906819148949093,0.25180102367807417,95,5,0,0,False
m020_ring_d1000_o0.05,ring,1000,0.05,0.05,0,BestRewardSelection,5,0.0,0.2850156696060843,0.29407858126166564,1.0,0.3333333333333333,1.0361451179308097,0.04927308157586165,0.0,95,5,0,0,False
m020_ring_d1000_o0.05,ring,1000,0.05,0.05,0,WeightedConsensus,5,0.0,0.29226035232891867,0.30572738120565635,1.0,0.6666666666666666,1.0514783488554609,0.05355705790470594,0.024508483504728486,95,5,0,0,False
m020_ring_d1000_o0.05,ring,1000,0.05,0.05,0,ConflictDampening,5,0.0,0.3395329209190452,0.36772221144088113,1.0,0.0,1.099449674628135,0.034024047679929274,0.2528802794739405,95,5,0,0,False
m020_ring_d1000_o0.05,ring,1000,0.05,0.05,1,NoCoordination,5,0.0,0.3209464327387242,0.3209464327387242,0.0,0.0,1.0,0.0,0.0,95,5,0,0,False
m020_ring_d1000_o0.05,ring,1000,0.05,0.05,1,AverageConsensus,5,0.0,0.3638519948647521,0.37944765573368144,1.0,0.0,1.0448695860100974,0.0331835702729783,0.23131440038278134,95,5,0,0,False
m020_ring_d1000_o0.05,ring,1000,0.05,0.05,1,BestRewardSelection,5,0.0,0.3362003708426427,0.3398678391334802,1.0,0.6666666666666666,1.011434116766057,0.07621960701349687,0.0,95,5,0,0,False
m020_ring_d1000_o0.05,ring,1000,0.05,0.05,1,WeightedConsensus,5,0.0,0.3405824999965493,0.34750999093840756,1.0,0.6666666666666666,1.0208599726665954,0.058959411735652646,0.04387311642079046,95,5,0,0,False
m020_ring_d1000_o0.05,ring,1000,0.05,0.05,1,ConflictDampening,5,0.0,0.3623797173620922,0.3779552553274932,1.0,0.0,1.0447044780119659,0.029484447754904993,0.23542060925823038,95,5,0,0,False
m020_ring_d1000_o0.05,ring,1000,0.05,0.05,2,NoCoordination,5,0.0,0.24561391202500388,0.24561391202500388,0.0,0.0,1.0,0.0,0.0,95,5,0,0,False
m020_ring_d1000_o0.05,ring,1000,0.05,0.05,2,AverageConsensus,5,0.0,0.33250237584609443,0.3600272666531571,1.0,0.3333333333333333,1.0973387950726625,0.04068081850409478,0.2873291505327939,95,5,0,0,False
m020_ring_d1000_o0.05,ring,1000,0.05,0.05,2,BestRewardSelection,5,0.0,0.29643974873550566,0.312838179295272,1.0,0.6666666666666666,1.060945995854599,0.10319559303177614,0.06438336199800694,95,5,0,0,False
m020_ring_d1000_o0.05,ring,1000,0.05,0.05,2,WeightedConsensus,5,0.0,0.3015439064128807,0.31774176847197133,1.0,0.3333333333333333,1.0610822653208138,0.06431120113543703,0.08179640036552739,95,5,0,0,False
m020_ring_d1000_o0.05,ring,1000,0.05,0.05,2,ConflictDampening,5,0.0,0.33248107805453564,0.3600069688471118,1.0,0.0,1.0973356840252704,0.036135422427374754,0.2887662122870722,95,5,0,0,False
m021_ring_d1000_o0.1,ring,1000,0.1,0.1,0,NoCoordination,5,0.0,0.2750785819755135,0.2750785819755135,0.0,0.0,1.0,0.0,0.0,95,5,0,0,False
m021_ring_d1000_o0.1,ring,1000,0.1,0.1,0,AverageConsensus,5,0.0,0.3792078742703576,0.4122529963039491,1.0,0.0,1.102841001035485,0.04209266791041221,0.5549741578879698,95,5,0,0,False
m021_ring_d1000_o0.1,ring,1000,0.1,0.1,0,BestRewardSelection,5,0.0,0.31827995150355537,0.32705803853594034,1.0,0.3333333333333333,1.0329732675552725,0.08267531624229651,0.07333148861150257,95,5,0,0,False
m021_ring_d1000_o0.1,ring,1000,0.1,0.1,0,WeightedConsensus,5,0.0,0.3222767106821013,0.3340924743063263,1.0,0.6666666666666666,1.0428304193419522,0.05851492533659517,0.11607134913145806,95,5,0,0,False
m021_ring_d1000_o0.1,ring,1000,0.1,0.1,0,ConflictDampening,5,0.0,0.3776421218632316,0.41053469844377977,1.0,0.0,1.1023589054537002,0.03682852166523987,0.5632243418730765,95,5,0,0,False
m021_ring_d1000_o0.1,ring,1000,0.1,0.1,1,NoCoordination,5,0.0,0.2882028116324821,0.2882028116324821,0.0,0.0,1.0,0.0,0.0,95,5,0,0,False
m021_ring_d1000_o0.1,ring,1000,0.1,0.1,1,AverageConsensus,5,0.0,0.34722236656113525,0.3666342956499238,1.0,0.0,1.060964949235436,0.03393089225259962,0.43436775605935685,95,5,0,0,False
m021_ring_d1000_o0.1,ring,1000,0.1,0.1,1,BestRewardSelection,5,0.0,0.32235506526630264,0.33220834486451756,1.0,0.3333333333333333,1.0327605989831714,0.10899697389982527,0.030235412879953197,95,5,0,0,False
m021_ring_d1000_o0.1,ring,1000,0.1,0.1,1,WeightedConsensus,5,0.0,0.3295477101540586,0.3439182440015948,1.0,0.0,1.046310537616034,0.06224171562096095,0.06958414933642655,95,5,0,0,False
m021_ring_d1000_o0.1,ring,1000,0.1,0.1,1,ConflictDampening,5,0.0,0.3469783164093497,0.36634626284566374,1.0,0.0,1.060818120963059,0.02967109205558117,0.43993324301040926,95,5,0,0,False
m021_ring_d1000_o0.1,ring,1000,0.1,0.1,2,NoCoordination,5,0.0,0.27639135690158695,0.27639135690158695,0.0,0.0,1.0,0.0,0.0,95,5,0,0,False
m021_ring_d1000_o0.1,ring,1000,0.1,0.1,2,AverageConsensus,5,0.0,0.3605465278777407,0.3853066262058474,1.0,0.3333333333333333,1.0805455730203413,0.03941696907509735,0.5398378147900997,95,5,0,0,False
m021_ring_d1000_o0.1,ring,1000,0.1,0.1,2,BestRewardSelection,5,0.0,0.32344576380770235,0.3356633954611698,1.0,1.0,1.043131171207378,0.16525322135884685,0.1719534480171295,95,5,0,0,False
m021_ring_d1000_o0.1,ring,1000,0.1,0.1,2,WeightedConsensus,5,0.0,0.32229218028924794,0.33433557261534397,1.0,1.0,1.0426698466443403,0.0933585245831457,0.1703844647748419,95,5,0,0,False
m021_ring_d1000_o0.1,ring,1000,0.1,0.1,2,ConflictDampening,5,0.0,0.3596098939442907,0.38456703762846883,1.0,0.3333333333333333,1.0807223345542958,0.0342158918287061,0.5476447008986246,95,5,0,0,False
m022_ring_d1000_o0.2,ring,1000,0.2,0.2,0,NoCoordination,5,0.0,0.25353724788617227,0.25353724788617227,0.0,0.0,1.0,0.0,0.0,95,5,0,0,False
m022_ring_d1000_o0.2,ring,1000,0.2,0.2,0,AverageConsensus,5,0.0,0.3568955607489484,0.39037798316065264,1.0,0.0,1.1112534588931444,0.04131709846825592,1.0983947295103267,95,5,0,0,False
m022_ring_d1000_o0.2,ring,1000,0.2,0.2,0,BestRewardSelection,5,0.0,0.29944833366393303,0.3148649607327158,1.0,0.3333333333333333,1.0554680478671985,0.1625759265714854,0.5119465041404127,95,5,0,0,False
m022_ring_d1000_o0.2,ring,1000,0.2,0.2,0,WeightedConsensus,5,0.0,0.2998625742437546,0.3158339071565457,1.0,0.0,1.0571105668842409,0.09824486286917208,0.4633720202014585,95,5,0,0,False
m022_ring_d1000_o0.2,ring,1000,0.2,0.2,0,ConflictDampening,5,0.0,0.35487888035362036,0.38807178962396977,1.0,0.0,1.1101284734029107,0.03665962913049842,1.1056656869657486,95,5,0,0,False
m022_ring_d1000_o0.2,ring,1000,0.2,0.2,1,NoCoordination,5,0.0,0.27001929367679833,0.27001929367679833,0.0,0.0,1.0,0.0,0.0,95,5,0,0,False
m022_ring_d1000_o0.2,ring,1000,0.2,0.2,1,AverageConsensus,5,0.0,0.36162563763736283,0.3905384359213665,1.0,0.0,1.0934554171670052,0.03731649619110516,1.0247461186119005,95,5,0,0,False
m022_ring_d1000_o0.2,ring,1000,0.2,0.2,1,BestRewardSelection,5,0.0,0.30781480749768014,0.31896219264723075,1.0,0.6666666666666666,1.0396141065798477,0.10775488506747948,0.2062742025130014,95,5,0,0,False
m022_ring_d1000_o0.2,ring,1000,0.2,0.2,1,WeightedConsensus,5,0.0,0.308730918221727,0.32070107287569016,1.0,0.6666666666666666,1.0419579448488396,0.07504344794547699,0.262105634098333,95,5,0,0,False
m022_ring_d1000_o0.2,ring,1000,0.2,0.2,1,ConflictDampening,5,0.0,0.3594326398006761,0.38812283296825045,1.0,0.0,1.0925242786377363,0.03246068110831845,1.0330594557333266,95,5,0,0,False
m022_ring_d1000_o0.2,ring,1000,0.2,0.2,2,NoCoordination,5,0.0,0.27042289952237825,0.27042289952237825,0.0,0.0,1.0,0.0,0.0,95,5,0,0,False
m022_ring_d1000_o0.2,ring,1000,0.2,0.2,2,AverageConsensus,5,0.0,0.35952306752136415,0.38653180604213794,1.0,0.3333333333333333,1.0883561737694,0.040214479997567006,1.103814489829779,95,5,0,0,False
m022_ring_d1000_o0.2,ring,1000,0.2,0.2,2,BestRewardSelection,5,0.0,0.3109415423405683,0.3363320136168797,1.0,0.0,1.0814045793047935,0.2728378026181857,0.9917297229194236,95,5,0,0,False
m022_ring_d1000_o0.2,ring,1000,0.2,0.2,2,WeightedConsensus,5,0.0,0.3109163947507667,0.3305579085628249,1.0,0.0,1.0648089331119412,0.19775173817738043,0.9178011932651785,95,5,0,0,False
m022_ring_d1000_o0.2,ring,1000,0.2,0.2,2,ConflictDampening,5,0.0,0.3577616879538523,0.3849786706562323,1.0,0.3333333333333333,1.0884836438353982,0.03522117188942287,1.1186374585377308,95,5,0,0,False
m023_ring_d1000_o0.3,ring,1000,0.3,0.3,0,NoCoordination,5,0.0,0.25904043543660776,0.25904043543660776,0.0,0.0,1.0,0.0,0.0,95,5,0,0,False
m023_ring_d1000_o0.3,ring,1000,0.3,0.3,0,AverageConsensus,5,0.0,0.3653279372546002,0.40020739837011315,1.0,0.0,1.112705320377637,0.043027785886460494,1.8570427234414748,95,5,0,0,False
m023_ring_d1000_o0.3,ring,1000,0.3,0.3,0,BestRewardSelection,5,0.0,0.3482549827141973,0.379555815100036,1.0,0.3333333333333333,1.108128720978233,0.27696108032408445,1.7241826634411552,95,5,0,0,False
m023_ring_d1000_o0.3,ring,1000,0.3,0.3,0,WeightedConsensus,5,0.0,0.3418675538634461,0.3780860108875381,1.0,0.0,1.117860859963228,0.2502178060218793,1.8252388429120572,95,5,0,0,False
m023_ring_d1000_o0.3,ring,1000,0.3,0.3,0,ConflictDampening,5,0.0,0.3623100256191131,0.3969189072406407,1.0,0.0,1.1115078684557642,0.03809483440204918,1.8721337477219815,95,5,0,0,False
m023_ring_d1000_o0.3,ring,1000,0.3,0.3,1,NoCoordination,5,0.0,0.2766678733140688,0.2766678733140688,0.0,0.0,1.0,0.0,0.0,95,5,0,0,False
m023_ring_d1000_o0.3,ring,1000,0.3,0.3,1,AverageConsensus,5,0.0,0.3462031038082518,0.3685981440856074,1.0,0.0,1.0722385264259902,0.0370074006412667,1.539329242304011,95,5,0,0,False
m023_ring_d1000_o0.3,ring,1000,0.3,0.3,1,BestRewardSelection,5,0.0,0.35861070410695267,0.38476370650467473,1.0,0.3333333333333333,1.0832328698039826,0.2936425657640197,1.5860559667501317,95,5,0,0,False
m023_ring_d1000_o0.3,ring,1000,0.3,0.3,1,WeightedConsensus,5,0.0,0.3519310049311141,0.3774362300132824,1.0,0.3333333333333333,1.0806220491490068,0.25591386673693395,1.5274825920013064,95,5,0,0,False
m023_ring_d1000_o0.3,ring,1000,0.3,0.3,1,ConflictDampening,5,0.0,0.3443180780858804,0.3667701118004539,1.0,0.0,1.0721651562163648,0.032763331892791785,1.5535120543876142,95,5,0,0,False
m023_ring_d1000_o0.3,ring,1000,0.3,0.3,2,NoCoordination,5,0.0,0.22186487293275273,0.22186487293275273,0.0,0.0,1.0,0.0,0.0,95,5,0,0,False
m023_ring_d1000_o0.3,ring,1000,0.3,0.3,2,AverageConsensus,5,0.0,0.328860217619124,0.36654373733152523,1.0,0.0,1.1354935906826806,0.04281996749568443,1.855195321370273,95,5,0,0,False
m023_ring_d1000_o0.3,ring,1000,0.3,0.3,2,BestRewardSelection,5,0.0,0.31856245801993804,0.35665428363104285,1.0,0.0,1.1360230912165155,0.25286578792784314,1.7614681962608851,95,5,0,0,False
m023_ring_d1000_o0.3,ring,1000,0.3,0.3,2,WeightedConsensus,5,0.0,0.32647963594163676,0.3636978524505664,1.0,0.0,1.1337937560114892,0.2370126723116077,1.8790712852052363,95,5,0,0,False
m023_ring_d1000_o0.3,ring,1000,0.3,0.3,2,ConflictDampening,5,0.0,0.32602189993343805,0.3627656531216927,1.0,0.0,1.1327394149901386,0.03883489283392609,1.852763649955304,95,5,0,0,False
m024_random_graph_d100_o0.05,random_graph,100,0.05,0.05,0,NoCoordination,5,0.0,0.4245218627181229,0.4245218627181229,0.0,0.0,1.0,0.0,0.0,95,5,0,0,False
m024_random_graph_d100_o0.05,random_graph,100,0.05,0.05,0,AverageConsensus,5,0.0,0.4271949949925866,0.42810900949796393,1.0,0.0,1.0021449240613418,0.02099006964226515,0.0,95,5,0,0,False
m024_random_graph_d100_o0.05,random_graph,100,0.05,0.05,0,BestRewardSelection,5,0.022913479134985412,0.4023686336366367,0.39314896834523116,1.0,0.0,0.9772906177466263,0.03114692004814899,0.0,95,5,0,0,False
m024_random_graph_d100_o0.05,random_graph,100,0.05,0.05,0,WeightedConsensus,5,0.011473541249302823,0.41195481002069356,0.4072282295150724,1.0,0.0,0.9886228986705332,0.02198338780361869,0.0,95,5,0,0,False
m024_random_graph_d100_o0.05,random_graph,100,0.05,0.05,0,ConflictDampening,5,0.0,0.4268508440209471,0.427706093615477,1.0,0.0,1.0020071062667255,0.017044588251229946,0.0,95,5,0,0,False
m024_random_graph_d100_o0.05,random_graph,100,0.05,0.05,1,NoCoordination,5,0.0,0.2761339558544102,0.2761339558544102,0.0,0.0,1.0,0.0,0.0,95,5,0,0,False
m024_random_graph_d100_o0.05,random_graph,100,0.05,0.05,1,AverageConsensus,5,0.0,0.3743928506652483,0.4023239828706944,1.0,0.3333333333333333,1.0909718383923313,0.04879068219200193,0.013459894845908968,95,5,0,0,False
m024_random_graph_d100_o0.05,random_graph,100,0.05,0.05,1,BestRewardSelection,5,0.0,0.3094671781844517,0.3174552903179689,1.0,0.3333333333333333,1.030584581613475,0.09875717622839998,0.005329283581116179,95,5,0,0,False
m024_random_graph_d100_o0.05,random_graph,100,0.05,0.05,1,WeightedConsensus,5,0.0,0.31485046683375423,0.32735559521265517,1.0,0.3333333333333333,1.045546199174662,0.04930230370225781,0.005760971504967478,95,5,0,0,False
m024_random_graph_d100_o0.05,random_graph,100,0.05,0.05,1,ConflictDampening,5,0.0,0.37414633774781547,0.402168100848251,1.0,0.3333333333333333,1.0911089594411019,0.04275483538210858,0.014446741393902883,95,5,0,0,False
m024_random_graph_d100_o0.05,random_graph,100,0.05,0.05,2,NoCoordination,5,0.0,0.2857692867549022,0.2857692867549022,0.0,0.0,1.0,0.0,0.0,95,5,0,0,False
m024_random_graph_d100_o0.05,random_graph,100,0.05,0.05,2,AverageConsensus,5,0.0,0.35465707717229294,0.3875095737709118,1.0,0.0,1.1086601011581578,0.06513549020510659,0.05257587199015446,95,5,0,0,False
m024_random_graph_d100_o0.05,random_graph,100,0.05,0.05,2,BestRewardSelection,5,0.0,0.3162803728053637,0.3263820360090371,1.0,1.0,1.0356729165849718,0.14930920393269959,0.029677281776737778,95,5,0,0,False
m024_random_graph_d100_o0.05,random_graph,100,0.05,0.05,2,WeightedConsensus,5,0.0,0.3252730406403492,0.33811062760424676,1.0,0.3333333333333333,1.0454162525731874,0.07698173744778217,0.029972399861226545,95,5,0,0,False
m024_random_graph_d100_o0.05,random_graph,100,0.05,0.05,2,ConflictDampening,5,0.0,0.35439442080542793,0.3874942353701261,1.0,0.0,1.1095756867241806,0.0631433522200747,0.05322789687651502,95,5,0,0,False
m025_random_graph_d100_o0.1,random_graph,100,0.1,0.1,0,NoCoordination,5,0.0,0.33549471651624374,0.33549471651624374,0.0,0.0,1.0,0.0,0.0,95,5,0,0,False
m025_random_graph_d100_o0.1,random_graph,100,0.1,0.1,0,AverageConsensus,5,0.0,0.37278762918363967,0.3854438346042926,1.0,0.3333333333333333,1.0380830356053157,0.034245938140005816,0.015644299303831957,95,5,0,0,False
m025_random_graph_d100_o0.1,random_graph,100,0.1,0.1,0,BestRewardSelection,5,0.0,0.3476491219081693,0.34904453805214153,1.0,0.6666666666666666,1.0045623230891674,0.0659129968123533,0.0,95,5,0,0,False
m025_random_graph_d100_o0.1,random_graph,100,0.1,0.1,0,WeightedConsensus,5,0.0,0.36473509360548784,0.3742787493964228,1.0,0.6666666666666666,1.0277994476350778,0.0385337234136677,0.0,95,5,0,0,False
m025_random_graph_d100_o0.1,random_graph,100,0.1,0.1,0,ConflictDampening,5,0.0,0.37267797781828593,0.38532415598936687,1.0,0.3333333333333333,1.03802611803763,0.03056056138820413,0.016983400487032292,95,5,0,0,False
m025_random_graph_d100_o0.1,random_graph,100,0.1,0.1,1,NoCoordination,5,0.0,0.38199943749525145,0.38199943749525145,0.0,0.0,1.0,0.0,0.0,95,5,0,0,False
m025_random_graph_d100_o0.1,random_graph,100,0.1,0.1,1,AverageConsensus,5,0.0,0.4414734727203853,0.4583587607545479,1.0,0.3333333333333333,1.0419723795130242,0.04023927580582905,0.013093949573664002,95,5,0,0,False
m025_random_graph_d100_o0.1,random_graph,100,0.1,0.1,1,BestRewardSelection,5,0.0,0.398922784876097,0.4071208288572901,1.0,0.3333333333333333,1.0216079129814084,0.05926918747330386,0.0,95,5,0,0,False
m025_random_graph_d100_o0.1,random_graph,100,0.1,0.1,1,WeightedConsensus,5,0.0,0.41094322719749876,0.4282541551758642,1.0,0.6666666666666666,1.0423894613322349,0.05611787260406713,0.0,95,5,0,0,False
m025_random_graph_d100_o0.1,random_graph,100,0.1,0.1,1,ConflictDampening,5,0.0,0.44052687877119784,0.4574165602971698,1.0,0.0,1.041899130137982,0.03323675964835746,0.015996102497886966,95,5,0,0,False
m025_random_graph_d100_o0.1,random_graph,100,0.1,0.1,2,NoCoordination,5,0.0,0.3820272118823572,0.3820272118823572,0.0,0.0,1.0,0.0,0.0,95,5,0,0,False
m025_random_graph_d100_o0.1,random_graph,100,0.1,0.1,2,AverageConsensus,5,0.0,0.4480965395373383,0.47410112589531117,1.0,0.3333333333333333,1.0642451440802725,0.04710347836362806,0.0633144173243795,95,5,0,0,False
m025_random_graph_d100_o0.1,random_graph,100,0.1,0.1,2,BestRewardSelection,5,0.0,0.45170433419433265,0.46734837140058727,1.0,0.3333333333333333,1.0423904735055411,0.08024749182323096,0.004485658197136644,95,5,0,0,False
m025_random_graph_d100_o0.1,random_graph,100,0.1,0.1,2,WeightedConsensus,5,0.0,0.45476218917361677,0.47296734887219016,1.0,0.3333333333333333,1.0479128050036794,0.07900063770593445,0.021610031366020098,95,5,0,0,False
m025_random_graph_d100_o0.1,random_graph,100,0.1,0.1,2,ConflictDampening,5,0.0,0.44792589386024995,0.47429425111724055,1.0,0.3333333333333333,1.0650930809203432,0.04029615752308769,0.06748682786164033,95,5,0,0,False
m026_random_graph_d100_o0.2,random_graph,100,0.2,0.2,0,NoCoordination,5,0.0,0.27333845536588885,0.27333845536588885,0.0,0.0,1.0,0.0,0.0,95,5,0,0,False
m026_random_graph_d100_o0.2,random_graph,100,0.2,0.2,0,AverageConsensus,5,0.0,0.360712254696097,0.3936145968759402,1.0,0.0,1.1024318863136735,0.034880393589957814,0.0527188312867077,95,5,0,0,False
m026_random_graph_d100_o0.2,random_graph,100,0.2,0.2,0,BestRewardSelection,5,0.0,0.3391735544002344,0.3548764962262123,1.0,1.0,1.0559859019686109,0.04718890601072614,0.0,95,5,0,0,False
m026_random_graph_d100_o0.2,random_graph,100,0.2,0.2,0,WeightedConsensus,5,0.0,0.3402959226451358,0.3654848662761627,1.0,0.6666666666666666,1.080326813829102,0.03995099230303659,0.015231099000462746,95,5,0,0,False
m026_random_graph_d100_o0.2,random_graph,100,0.2,0.2,0,ConflictDampening,5,0.0,0.3569541784587544,0.38901784992838995,1.0,0.0,1.100223085820019,0.03142018566425253,0.05559112271310303,95,5,0,0,False
m026_random_graph_d100_o0.2,random_graph,100,0.2,0.2,1,NoCoordination,5,0.0,0.3632428254651041,0.3632428254651041,0.0,0.0,1.0,0.0,0.0,95,5,0,0,False
m026_random_graph_d100_o0.2,random_graph,100,0.2,0.2,1,AverageConsensus,5,0.0,0.41815544651761083,0.43911239312698547,1.0,0.6666666666666666,1.0534838750196716,0.03614834477314541,0.008607943045775139,95,5,0,0,False
m026_random_graph_d100_o0.2,random_graph,100,0.2,0.2,1,BestRewardSelection,5,0.0,0.37503497558332616,0.37815629389902256,1.0,1.0,1.0104819486149046,0.13418795452303434,0.0,95,5,0,0,False
m026_random_graph_d100_o0.2,random_graph,100,0.2,0.2,1,WeightedConsensus,5,0.0,0.38792359552030564,0.3963763211125942,1.0,0.6666666666666666,1.0239371057685973,0.042174945232210284,0.0,95,5,0,0,False
m026_random_graph_d100_o0.2,random_graph,100,0.2,0.2,1,ConflictDampening,5,0.0,0.41275806021223954,0.43358291859771186,1.0,0.0,1.0530768397229364,0.030879019055758183,0.013633184106898224,95,5,0,0,False
m026_random_graph_d100_o0.2,random_graph,100,0.2,0.2,2,NoCoordination,5,0.0,0.4294578804488385,0.4294578804488385,0.0,0.0,1.0,0.0,0.0,95,5,0,0,False
m026_random_graph_d100_o0.2,random_graph,100,0.2,0.2,2,AverageConsensus,5,0.0,0.5230829086678658,0.5548504421259894,1.0,0.3333333333333333,1.0671342938455233,0.03579802888811766,0.07939488765039023,95,5,0,0,False
m026_random_graph_d100_o0.2,random_graph,100,0.2,0.2,2,BestRewardSelection,5,0.0,0.4764577485958529,0.4850720754677295,1.0,0.3333333333333333,1.0205895255419173,0.0881312246508638,0.0,95,5,0,0,False
m026_random_graph_d100_o0.2,random_graph,100,0.2,0.2,2,WeightedConsensus,5,0.0,0.48973621025172154,0.5010824709008704,1.0,0.3333333333333333,1.0273683660932718,0.06110985752648499,0.0,95,5,0,0,False
m026_random_graph_d100_o0.2,random_graph,100,0.2,0.2,2,ConflictDampening,5,0.0,0.518420982132663,0.5504870654569598,1.0,0.0,1.0669367322366612,0.028363753198130642,0.08573393632208517,95,5,0,0,False
m027_random_graph_d100_o0.3,random_graph,100,0.3,0.3,0,NoCoordination,5,0.0,0.31990542661231447,0.31990542661231447,0.0,0.0,1.0,0.0,0.0,95,5,0,0,False
m027_random_graph_d100_o0.3,random_graph,100,0.3,0.3,0,AverageConsensus,5,0.0,0.4106642054131901,0.4303230219706254,1.0,0.3333333333333333,1.061203247491749,0.035530829611877375,0.06484597663908206,95,5,0,0,False
m027_random_graph_d100_o0.3,random_graph,100,0.3,0.3,0,BestRewardSelection,5,0.0,0.36863176886794174,0.39030170526867347,1.0,0.6666666666666666,1.06380402264946,0.11460423215582449,0.0,95,5,0,0,False
m027_random_graph_d100_o0.3,random_graph,100,0.3,0.3,0,WeightedConsensus,5,0.0,0.38880207405933653,0.41062348457794673,1.0,0.6666666666666666,1.06300174691357,0.04210390408052735,0.02521701951625301,95,5,0,0,False
m027_random_graph_d100_o0.3,random_graph,100,0.3,0.3,0,ConflictDampening,5,0.0,0.4118745074718161,0.4330183646544997,1.0,0.3333333333333333,1.0640797192828422,0.030003917339508898,0.07161777173103819,95,5,0,0,False
m027_random_graph_d100_o0.3,random_graph,100,0.3,0.3,1,NoCoordination,5,0.0,0.3930012237346089,0.3930012237346089,0.0,0.0,1.0,0.0,0.0,95,5,0,0,False
m027_random_graph_d100_o0.3,random_graph,100,0.3,0.3,1,AverageConsensus,5,0.0,0.5351864593877348,0.5849406949005433,1.0,0.0,1.1060669684149609,0.039297488910481286,0.08266727079825414,95,5,0,0,False
m027_random_graph_d100_o0.3,random_graph,100,0.3,0.3,1,BestRewardSelection,5,0.0,0.41073731454410867,0.43106884468185713,1.0,0.6666666666666666,1.0543986771770517,0.16438457873042228,0.03937248230052354,95,5,0,0,False
m027_random_graph_d100_o0.3,random_graph,100,0.3,0.3,1,WeightedConsensus,5,0.0,0.42504224171997074,0.4349783543801618,1.0,0.6666666666666666,1.0244061103407351,0.049218170907741735,0.0525707356305638,95,5,0,0,False
m027_random_graph_d100_o0.3,random_graph,100,0.3,0.3,1,ConflictDampening,5,0.0,0.5214975683332375,0.5709318567539003,1.0,0.0,1.10447304119247,0.03299084242133415,0.09126627775356193,95,5,0,0,False
m027_random_graph_d100_o0.3,random_graph,100,0.3,0.3,2,NoCoordination,5,0.0,0.2866576723080828,0.2866576723080828,0.0,0.0,1.0,0.0,0.0,95,5,0,0,False
m027_random_graph_d100_o0.3,random_graph,100,0.3,0.3,2,AverageConsensus,5,0.0,0.43063896080717845,0.4838269152802057,1.0,0.0,1.1450019942529495,0.041853816647958425,0.16210758220977195,95,5,0,0,False
m027_random_graph_d100_o0.3,random_graph,100,0.3,0.3,2,BestRewardSelection,5,0.0,0.3411580652734417,0.35269186842088146,1.0,0.3333333333333333,1.0427556295505949,0.1311380918646674,0.0474886795378024,95,5,0,0,False
m027_random_graph_d100_o0.3,random_graph,100,0.3,0.3,2,WeightedConsensus,5,0.0,0.38122054624861557,0.42160777861153476,1.0,0.0,1.1137210868891496,0.06701383063927907,0.1196887681649321,95,5,0,0,False
m027_random_graph_d100_o0.3,random_graph,100,0.3,0.3,2,ConflictDampening,5,0.0,0.42472800943636746,0.4757109956363968,1.0,0.0,1.1400143882575047,0.036226158537789876,0.16628982841963555,95,5,0,0,False
m028_random_graph_d500_o0.05,random_graph,500,0.05,0.05,0,NoCoordination,5,0.0,0.2127752272890255,0.2127752272890255,0.0,0.0,1.0,0.0,0.0,95,5,0,0,False
m028_random_graph_d500_o0.05,random_graph,500,0.05,0.05,0,AverageConsensus,5,0.0,0.286047305173166,0.30959038840194253,1.0,1.0,1.0970843690411134,0.03395498666989352,0.0677272857910958,95,5,0,0,False
m028_random_graph_d500_o0.05,random_graph,500,0.05,0.05,0,BestRewardSelection,5,0.0,0.26320990988599763,0.27977517267315366,1.0,0.3333333333333333,1.0704760333768533,0.0739584406425111,0.0,95,5,0,0,False
m028_random_graph_d500_o0.05,random_graph,500,0.05,0.05,0,WeightedConsensus,5,0.0,0.2765699613641842,0.29596580075949125,1.0,0.6666666666666666,1.0832496488143561,0.041837373348421865,0.010338962436199793,95,5,0,0,False
m028_random_graph_d500_o0.05,random_graph,500,0.05,0.05,0,ConflictDampening,5,0.0,0.28605198010413224,0.3096074121499261,1.0,1.0,1.0971251377933602,0.031359472121224086,0.06924966128476821,95,5,0,0,False
m028_random_graph_d500_o0.05,random_graph,500,0.05,0.05,1,NoCoordination,5,0.0,0.27305706452961,0.27305706452961,0.0,0.0,1.0,0.0,0.0,95,5,0,0,False
m028_random_graph_d500_o0.05,random_graph,500,0.05,0.05,1,AverageConsensus,5,0.0,0.3123415897484101,0.3280441462280394,1.0,0.0,1.0524819834938604,0.04231828696587546,0.06203850725339515,95,5,0,0,False
m028_random_graph_d500_o0.05,random_graph,500,0.05,0.05,1,BestRewardSelection,5,0.0,0.29305540332259244,0.2994225456984381,1.0,0.6666666666666666,1.022986838029842,0.055600547099426925,0.0,95,5,0,0,False
m028_random_graph_d500_o0.05,random_graph,500,0.05,0.05,1,WeightedConsensus,5,0.0,0.29351931285040533,0.3000031077170882,1.0,0.6666666666666666,1.0233994745253567,0.052748870813399386,0.0,95,5,0,0,False
m028_random_graph_d500_o0.05,random_graph,500,0.05,0.05,1,ConflictDampening,5,0.0,0.30949746050981525,0.3251667271174757,1.0,0.0,1.0522319421967818,0.038218356500541235,0.06665272795841604,95,5,0,0,False
m028_random_graph_d500_o0.05,random_graph,500,0.05,0.05,2,NoCoordination,5,0.0,0.2510247634257598,0.2510247634257598,0.0,0.0,1.0,0.0,0.0,95,5,0,0,False
m028_random_graph_d500_o0.05,random_graph,500,0.05,0.05,2,AverageConsensus,5,0.0,0.3191791235625507,0.3415760520909357,1.0,0.3333333333333333,1.0810015022662678,0.036133378302984756,0.0866551870088219,95,5,0,0,False
m028_random_graph_d500_o0.05,random_graph,500,0.05,0.05,2,BestRewardSelection,5,0.0,0.2933141156102469,0.3059927904640275,1.0,0.6666666666666666,1.0490135393849118,0.09032111547302847,0.0,95,5,0,0,False
m028_random_graph_d500_o0.05,random_graph,500,0.05,0.05,2,WeightedConsensus,5,0.0,0.30676028029427566,0.32474613528570473,1.0,0.3333333333333333,1.0646831470195433,0.062467895872049865,0.0,95,5,0,0,False
m028_random_graph_d500_o0.05,random_graph,500,0.05,0.05,2,ConflictDampening,5,0.0,0.31928774176527636,0.3417263174800845,1.0,0.3333333333333333,1.0811298160477536,0.03159755505833987,0.08893369701240622,95,5,0,0,False
m029_random_graph_d500_o0.1,random_graph,500,0.1,0.1,0,NoCoordination,5,0.0,0.1891677584703365,0.1891677584703365,0.0,0.0,1.0,0.0,0.0,95,5,0,0,False
m029_random_graph_d500_o0.1,random_graph,500,0.1,0.1,0,AverageConsensus,5,0.0,0.2763590973696,0.3050721508241346,1.0,0.0,1.1263817431844418,0.044117985970501164,0.14996354284856225,95,5,0,0,False
m029_random_graph_d500_o0.1,random_graph,500,0.1,0.1,0,BestRewardSelection,5,0.0,0.24215104371799112,0.2562816418395992,1.0,1.0,1.0710775692660164,0.06762680753710795,0.030271425176048177,95,5,0,0,False
m029_random_graph_d500_o0.1,random_graph,500,0.1,0.1,0,WeightedConsensus,5,0.0,0.24853587191537652,0.2700415503127318,1.0,0.0,1.096383523828631,0.04586997548241766,0.05862562518059184,95,5,0,0,False
m029_random_graph_d500_o0.1,random_graph,500,0.1,0.1,0,ConflictDampening,5,0.0,0.27584203546160185,0.30444033102379203,1.0,0.0,1.125927295183103,0.04126059531097081,0.15488610529786528,95,5,0,0,False
m029_random_graph_d500_o0.1,random_graph,500,0.1,0.1,1,NoCoordination,5,0.0,0.27918339797780267,0.27918339797780267,0.0,0.0,1.0,0.0,0.0,95,5,0,0,False
m029_random_graph_d500_o0.1,random_graph,500,0.1,0.1,1,AverageConsensus,5,0.0,0.32258481181512055,0.3412414666454987,1.0,0.0,1.059721762478521,0.03958460505902282,0.16339905843944572,95,5,0,0,False
m029_random_graph_d500_o0.1,random_graph,500,0.1,0.1,1,BestRewardSelection,5,0.0,0.2974016861812018,0.30732937564081597,1.0,0.6666666666666666,1.0336524685480115,0.054823480158182544,0.0,95,5,0,0,False
m029_random_graph_d500_o0.1,random_graph,500,0.1,0.1,1,WeightedConsensus,5,0.0,0.30269016222745593,0.31499470069529,1.0,0.6666666666666666,1.0410809626794664,0.054879502602488035,0.003754389871757194,95,5,0,0,False
m029_random_graph_d500_o0.1,random_graph,500,0.1,0.1,1,ConflictDampening,5,0.0,0.3218831329813836,0.33775981381652065,1.0,0.0,1.0517663066644065,0.035286246859078836,0.17104998952074288,95,5,0,0,False
m029_random_graph_d500_o0.1,random_graph,500,0.1,0.1,2,NoCoordination,5,0.0,0.2631380808938555,0.2631380808938555,0.0,0.0,1.0,0.0,0.0,95,5,0,0,False
m029_random_graph_d500_o0.1,random_graph,500,0.1,0.1,2,AverageConsensus,5,0.0,0.3498032647234595,0.3776549809730999,1.0,0.0,1.0916803113464997,0.04403581449396543,0.2501130213896262,95,5,0,0,False
m029_random_graph_d500_o0.1,random_graph,500,0.1,0.1,2,BestRewardSelection,5,0.0,0.2850685957973209,0.29121328455875706,1.0,0.6666666666666666,1.0229018519008926,0.0971522709764335,0.06104091412932028,95,5,0,0,False
m029_random_graph_d500_o0.1,random_graph,500,0.1,0.1,2,WeightedConsensus,5,0.0,0.2862854398525079,0.2953753293355037,1.0,0.6666666666666666,1.0328087324239856,0.05969111644616561,0.07676937971563584,95,5,0,0,False
m029_random_graph_d500_o0.1,random_graph,500,0.1,0.1,2,ConflictDampening,5,0.0,0.3491505149558524,0.37689352308404933,1.0,0.0,1.091315959032453,0.0386533315363234,0.2573191874018925,95,5,0,0,False
m030_random_graph_d500_o0.2,random_graph,500,0.2,0.2,0,NoCoordination,5,0.0,0.20517392075292876,0.20517392075292876,0.0,0.0,1.0,0.0,0.0,95,5,0,0,False
m030_random_graph_d500_o0.2,random_graph,500,0.2,0.2,0,AverageConsensus,5,0.0,0.3076251853870677,0.34270197097485006,1.0,0.0,1.1384095564399328,0.04436197074494296,0.3670315120388038,95,5,0,0,False
m030_random_graph_d500_o0.2,random_graph,500,0.2,0.2,0,BestRewardSelection,5,0.0,0.2617571776028834,0.2767177975128104,1.0,0.3333333333333333,1.0682777197480215,0.09061037037245681,0.10338420738448624,95,5,0,0,False
m030_random_graph_d500_o0.2,random_graph,500,0.2,0.2,0,WeightedConsensus,5,0.0,0.26538297048159254,0.2827308694011773,1.0,0.3333333333333333,1.0768346243858393,0.06123586739436937,0.1443116702791895,95,5,0,0,False
m030_random_graph_d500_o0.2,random_graph,500,0.2,0.2,0,ConflictDampening,5,0.0,0.3040420086845279,0.33759542790379093,1.0,0.0,1.1333549634601132,0.0407928700475317,0.37631264004854126,95,5,0,0,False
m030_random_graph_d500_o0.2,random_graph,500,0.2,0.2,1,NoCoordination,5,0.0,0.30422879842273287,0.30422879842273287,0.0,0.0,1.0,0.0,0.0,95,5,0,0,False
m030_random_graph_d500_o0.2,random_graph,500,0.2,0.2,1,AverageConsensus,5,0.0,0.39897279961454046,0.4327930603050683,1.0,0.0,1.0949849807043204,0.038238192317799874,0.3036905454724363,95,5,0,0,False
m030_random_graph_d500_o0.2,random_graph,500,0.2,0.2,1,BestRewardSelection,5,0.0,0.32792941856200186,0.33436523920041866,1.0,1.0,1.0208358375553042,0.07030463761144716,0.0,95,5,0,0,False
m030_random_graph_d500_o0.2,random_graph,500,0.2,0.2,1,WeightedConsensus,5,0.0,0.3307647282179124,0.34054146120513606,1.0,0.6666666666666666,1.030554234022737,0.05602524496135333,0.0,95,5,0,0,False
m030_random_graph_d500_o0.2,random_graph,500,0.2,0.2,1,ConflictDampening,5,0.0,0.3946582883438562,0.42538475341706095,1.0,0.0,1.0875433779499275,0.03261616903307163,0.32304574342108827,95,5,0,0,False
m030_random_graph_d500_o0.2,random_graph,500,0.2,0.2,2,NoCoordination,5,0.0,0.2527945928384551,0.2527945928384551,0.0,0.0,1.0,0.0,0.0,95,5,0,0,False
m030_random_graph_d500_o0.2,random_graph,500,0.2,0.2,2,AverageConsensus,5,0.0,0.3508261986751562,0.3812484121994857,1.0,0.0,1.1037744454335658,0.04209798296426671,0.4616266101943498,95,5,0,0,False
m030_random_graph_d500_o0.2,random_graph,500,0.2,0.2,2,BestRewardSelection,5,0.0,0.29021804004870483,0.3041644841060811,1.0,0.0,1.0507866834862423,0.12917556280679018,0.19644329626879503,95,5,0,0,False
m030_random_graph_d500_o0.2,random_graph,500,0.2,0.2,2,WeightedConsensus,5,0.0,0.2946634680143249,0.3087637169239913,1.0,0.6666666666666666,1.0515225100099235,0.06655594204490117,0.21419457368619388,95,5,0,0,False
m030_random_graph_d500_o0.2,random_graph,500,0.2,0.2,2,ConflictDampening,5,0.0,0.3495368253748062,0.3799692814340344,1.0,0.0,1.103376162141879,0.03699734051233354,0.46743993342371115,95,5,0,0,False
m031_random_graph_d500_o0.3,random_graph,500,0.3,0.3,0,NoCoordination,5,0.0,0.18100421465113423,0.18100421465113423,0.0,0.0,1.0,0.0,0.0,95,5,0,0,False
m031_random_graph_d500_o0.3,random_graph,500,0.3,0.3,0,AverageConsensus,5,0.0,0.36267039631108877,0.425769935622873,1.0,0.0,1.2414107362804623,0.04611618289671423,0.5237868422537267,95,5,0,0,False
m031_random_graph_d500_o0.3,random_graph,500,0.3,0.3,0,BestRewardSelection,5,0.0,0.30718000290630465,0.3356494702404571,1.0,0.3333333333333333,1.1487690139896851,0.09025929081026338,0.09041504000446154,95,5,0,0,False
m031_random_graph_d500_o0.3,random_graph,500,0.3,0.3,0,WeightedConsensus,5,0.0,0.2973796803951258,0.3303357600685146,1.0,0.6666666666666666,1.1559011774405605,0.05953130317381943,0.1271512796232194,95,5,0,0,False
m031_random_graph_d500_o0.3,random_graph,500,0.3,0.3,0,ConflictDampening,5,0.0,0.35394802073575066,0.41597036039541024,1.0,0.0,1.2362415086953416,0.04159111351331257,0.5516035356471455,95,5,0,0,False
m031_random_graph_d500_o0.3,random_graph,500,0.3,0.3,1,NoCoordination,5,0.0,0.24599114094237867,0.24599114094237867,0.0,0.0,1.0,0.0,0.0,95,5,0,0,False
m031_random_graph_d500_o0.3,random_graph,500,0.3,0.3,1,AverageConsensus,5,0.0,0.4644550112615131,0.5397988106456765,1.0,0.0,1.2190636300548905,0.0392131178513327,0.5024633740660758,95,5,0,0,False
m031_random_graph_d500_o0.3,random_graph,500,0.3,0.3,1,BestRewardSelection,5,0.0,0.3253026865517454,0.3443285397517372,1.0,0.3333333333333333,1.0758194996766453,0.08965601426164407,0.03263638884713023,95,5,0,0,False
m031_random_graph_d500_o0.3,random_graph,500,0.3,0.3,1,WeightedConsensus,5,0.0,0.3269094741598403,0.3505163850715488,1.0,0.0,1.0884919994577955,0.05473440013910545,0.11285564521530937,95,5,0,0,False
m031_random_graph_d500_o0.3,random_graph,500,0.3,0.3,1,ConflictDampening,5,0.0,0.4504104992102134,0.5251356939259534,1.0,0.0,1.2145932762590226,0.03374041221000653,0.5156444608317394,95,5,0,0,False
m031_random_graph_d500_o0.3,random_graph,500,0.3,0.3,2,NoCoordination,5,0.0,0.2558026316482778,0.2558026316482778,0.0,0.0,1.0,0.0,0.0,95,5,0,0,False
m031_random_graph_d500_o0.3,random_graph,500,0.3,0.3,2,AverageConsensus,5,0.0,0.383532753286738,0.423599486082451,1.0,0.3333333333333333,1.129380473049635,0.04293680966290503,0.7096079840502751,95,5,0,0,False
m031_random_graph_d500_o0.3,random_graph,500,0.3,0.3,2,BestRewardSelection,5,0.0,0.3188720482223458,0.3371495802862497,1.0,1.0,1.0663124156185997,0.17113311089611177,0.35068431489725443,95,5,0,0,False
m031_random_graph_d500_o0.3,random_graph,500,0.3,0.3,2,WeightedConsensus,5,0.0,0.316705231250579,0.33612245546513647,1.0,0.6666666666666666,1.0687878613622317,0.1385984457480585,0.4154008205153999,95,5,0,0,False
m031_random_graph_d500_o0.3,random_graph,500,0.3,0.3,2,ConflictDampening,5,0.0,0.380471237111835,0.4209160491437491,1.0,0.0,1.129444734619247,0.03769250167092558,0.7239154945366812,95,5,0,0,False
m032_random_graph_d1000_o0.05,random_graph,1000,0.05,0.05,0,NoCoordination,5,0.0,0.19281550805303002,0.19281550805303002,0.0,0.0,1.0,0.0,0.0,95,5,0,0,False
m032_random_graph_d1000_o0.05,random_graph,1000,0.05,0.05,0,AverageConsensus,5,0.0,0.2664707488985077,0.2906184759273819,1.0,0.3333333333333333,1.1077773391797492,0.044117985970501164,0.14996354284856075,95,5,0,0,False
m032_random_graph_d1000_o0.05,random_graph,1000,0.05,0.05,0,BestRewardSelection,5,0.0,0.2375323885117188,0.24811136872970146,1.0,0.3333333333333333,1.0543371694766244,0.053355800644639864,0.0,95,5,0,0,False
m032_random_graph_d1000_o0.05,random_graph,1000,0.05,0.05,0,WeightedConsensus,5,0.0,0.23762020669731185,0.24824184878323413,1.0,0.3333333333333333,1.0545410543802896,0.05373954321089638,0.0,95,5,0,0,False
m032_random_graph_d1000_o0.05,random_graph,1000,0.05,0.05,0,ConflictDampening,5,0.0,0.2664111131499761,0.29057725041209903,1.0,0.3333333333333333,1.1078351347684532,0.04133007410547562,0.1547430152819426,95,5,0,0,False
m032_random_graph_d1000_o0.05,random_graph,1000,0.05,0.05,1,NoCoordination,5,0.0,0.24123860149662252,0.24123860149662252,0.0,0.0,1.0,0.0,0.0,95,5,0,0,False
m032_random_graph_d1000_o0.05,random_graph,1000,0.05,0.05,1,AverageConsensus,5,0.0,0.2764333395813264,0.2920208150229054,1.0,0.0,1.0580107512931716,0.03958460505902282,0.16339905843944572,95,5,0,0,False
m032_random_graph_d1000_o0.05,random_graph,1000,0.05,0.05,1,BestRewardSelection,5,0.0,0.2521051282763811,0.2557273416462915,1.0,0.3333333333333333,1.01488708775052,0.047396509477077436,0.0,95,5,0,0,False
m032_random_graph_d1000_o0.05,random_graph,1000,0.05,0.05,1,WeightedConsensus,5,0.0,0.2510574903166105,0.2561308602747919,1.0,0.6666666666666666,1.0204159541993634,0.04882689694385263,0.004672788631951694,95,5,0,0,False
m032_random_graph_d1000_o0.05,random_graph,1000,0.05,0.05,1,ConflictDampening,5,0.0,0.2764050542188789,0.29198874095168,1.0,0.0,1.0579945010084622,0.036191740249085086,0.16689862585597462,95,5,0,0,False
m032_random_graph_d1000_o0.05,random_graph,1000,0.05,0.05,2,NoCoordination,5,0.0,0.21916539182710745,0.21916539182710745,0.0,0.0,1.0,0.0,0.0,95,5,0,0,False
m032_random_graph_d1000_o0.05,random_graph,1000,0.05,0.05,2,AverageConsensus,5,0.0,0.2976013667732452,0.32274533252102955,1.0,0.3333333333333333,1.0984525809326118,0.04403581449396543,0.25011302138962543,95,5,0,0,False
m032_random_graph_d1000_o0.05,random_graph,1000,0.05,0.05,2,BestRewardSelection,5,0.0,0.26034025401800404,0.2733311687125709,1.0,0.6666666666666666,1.054728569014878,0.1151415365063527,0.08493991709308614,95,5,0,0,False
m032_random_graph_d1000_o0.05,random_graph,1000,0.05,0.05,2,WeightedConsensus,5,0.0,0.25963847662879064,0.2725329318368829,1.0,0.6666666666666666,1.0542802290275524,0.057260878875982295,0.09701644171756123,95,5,0,0,False
m032_random_graph_d1000_o0.05,random_graph,1000,0.05,0.05,2,ConflictDampening,5,0.0,0.2975578197359231,0.32270588624496643,1.0,0.3333333333333333,1.098455352190372,0.039852545697162255,0.252935124095468,95,5,0,0,False
m033_random_graph_d1000_o0.1,random_graph,1000,0.1,0.1,0,NoCoordination,5,0.0,0.2230318087741366,0.2230318087741366,0.0,0.0,1.0,0.0,0.0,95,5,0,0,False
m033_random_graph_d1000_o0.1,random_graph,1000,0.1,0.1,0,AverageConsensus,5,0.0,0.31049357892485496,0.33998193802456933,1.0,0.0,1.111710329864625,0.04436197074494296,0.3670315120388038,95,5,0,0,False
m033_random_graph_d1000_o0.1,random_graph,1000,0.1,0.1,0,BestRewardSelection,5,0.0,0.2704270521756431,0.2829017407585784,1.0,0.6666666666666666,1.054305046902605,0.05439442295787264,0.0,95,5,0,0,False
m033_random_graph_d1000_o0.1,random_graph,1000,0.1,0.1,0,WeightedConsensus,5,0.0,0.26941063070292326,0.2818697924840135,1.0,0.6666666666666666,1.053831282180529,0.05548153190160603,0.0,95,5,0,0,False
m033_random_graph_d1000_o0.1,random_graph,1000,0.1,0.1,0,ConflictDampening,5,0.0,0.30777928869337023,0.336556058699289,1.0,0.0,1.1087660153216943,0.04023142375557775,0.38127466557019685,95,5,0,0,False
m033_random_graph_d1000_o0.1,random_graph,1000,0.1,0.1,1,NoCoordination,5,0.0,0.25386420262440784,0.25386420262440784,0.0,0.0,1.0,0.0,0.0,95,5,0,0,False
m033_random_graph_d1000_o0.1,random_graph,1000,0.1,0.1,1,AverageConsensus,5,0.0,0.3138773134970006,0.3360691659419844,1.0,0.0,1.0768460973351406,0.038238192317799874,0.303690545472437,95,5,0,0,False
m033_random_graph_d1000_o0.1,random_graph,1000,0.1,0.1,1,BestRewardSelection,5,0.0,0.2750941942728393,0.28139932161971615,1.0,0.6666666666666666,1.0242052338951533,0.052254670689060374,0.0,95,5,0,0,False
m033_random_graph_d1000_o0.1,random_graph,1000,0.1,0.1,1,WeightedConsensus,5,0.0,0.27631618809217023,0.2833915716973862,1.0,0.6666666666666666,1.0269133380330562,0.0510888236397225,0.0,95,5,0,0,False
m033_random_graph_d1000_o0.1,random_graph,1000,0.1,0.1,1,ConflictDampening,5,0.0,0.3133674789821231,0.3348296389366971,1.0,0.0,1.0746843287112435,0.03392782149562661,0.31318044360429104,95,5,0,0,False
m033_random_graph_d1000_o0.1,random_graph,1000,0.1,0.1,2,NoCoordination,5,0.0,0.24787695226109283,0.24787695226109283,0.0,0.0,1.0,0.0,0.0,95,5,0,0,False
m033_random_graph_d1000_o0.1,random_graph,1000,0.1,0.1,2,AverageConsensus,5,0.0,0.33773846672215996,0.36525612845827565,1.0,0.0,1.096924056306108,0.04209798296426671,0.4616266101943498,95,5,0,0,False
m033_random_graph_d1000_o0.1,random_graph,1000,0.1,0.1,2,BestRewardSelection,5,0.0,0.29124953114079777,0.3064581619775016,1.0,0.6666666666666666,1.057363521654268,0.0939390405268057,0.07219105806710277,95,5,0,0,False
m033_random_graph_d1000_o0.1,random_graph,1000,0.1,0.1,2,WeightedConsensus,5,0.0,0.29339978723810684,0.30926281912306636,1.0,0.0,1.0590794922964482,0.0781982018844142,0.10392300473641794,95,5,0,0,False
m033_random_graph_d1000_o0.1,random_graph,1000,0.1,0.1,2,ConflictDampening,5,0.0,0.33715354875122405,0.3647838791479324,1.0,0.0,1.096924206315071,0.03701794563307197,0.4696350315476611,95,5,0,0,False
m034_random_graph_d1000_o0.2,random_graph,1000,0.2,0.2,0,NoCoordination,5,0.0,0.18012301975472492,0.18012301975472492,0.0,0.0,1.0,0.0,0.0,95,5,0,0,False
m034_random_graph_d1000_o0.2,random_graph,1000,0.2,0.2,0,AverageConsensus,5,0.0,0.2727661302054994,0.30469057409901623,1.0,0.0,1.141736508631618,0.04555665197081174,0.7079760494784436,95,5,0,0,False
m034_random_graph_d1000_o0.2,random_graph,1000,0.2,0.2,0,BestRewardSelection,5,0.0,0.2331087743287552,0.250136152955798,1.0,0.6666666666666666,1.083948831486732,0.1048859981732715,0.191550914968203,95,5,0,0,False
m034_random_graph_d1000_o0.2,random_graph,1000,0.2,0.2,0,WeightedConsensus,5,0.0,0.23054736852921892,0.24755922843805345,1.0,0.0,1.0835999537978616,0.07188403655485011,0.2044374477399449,95,5,0,0,False
m034_random_graph_d1000_o0.2,random_graph,1000,0.2,0.2,0,ConflictDampening,5,0.0,0.27070001420491835,0.30264314923383395,1.0,0.0,1.14125671441346,0.04196278218819671,0.7296662600948159,95,5,0,0,False
m034_random_graph_d1000_o0.2,random_graph,1000,0.2,0.2,1,NoCoordination,5,0.0,0.2185548998259617,0.2185548998259617,0.0,0.0,1.0,0.0,0.0,95,5,0,0,False
m034_random_graph_d1000_o0.2,random_graph,1000,0.2,0.2,1,AverageConsensus,5,0.0,0.3081874197123135,0.3412327583508493,1.0,0.0,1.1226952936451096,0.04139926476104803,0.761585295036576,95,5,0,0,False
m034_random_graph_d1000_o0.2,random_graph,1000,0.2,0.2,1,BestRewardSelection,5,0.0,0.2615735584183198,0.27417838287092705,1.0,0.6666666666666666,1.0536716119150273,0.09104162425307366,0.22929433270790492,95,5,0,0,False
m034_random_graph_d1000_o0.2,random_graph,1000,0.2,0.2,1,WeightedConsensus,5,0.0,0.26478305691197856,0.27867046323162714,1.0,0.6666666666666666,1.0586719105436775,0.06961355673845775,0.2259764916010768,95,5,0,0,False
m034_random_graph_d1000_o0.2,random_graph,1000,0.2,0.2,1,ConflictDampening,5,0.0,0.30577027700593523,0.33789116457492324,1.0,0.0,1.119662063058465,0.03746940297358087,0.777917316884948,95,5,0,0,False
m034_random_graph_d1000_o0.2,random_graph,1000,0.2,0.2,2,NoCoordination,5,0.0,0.23417515805588818,0.23417515805588818,0.0,0.0,1.0,0.0,0.0,95,5,0,0,False
m034_random_graph_d1000_o0.2,random_graph,1000,0.2,0.2,2,AverageConsensus,5,0.0,0.3484789502574192,0.38381883673325906,1.0,0.0,1.1265597476753193,0.04277476607802726,0.9495982068090697,95,5,0,0,False
m034_random_graph_d1000_o0.2,random_graph,1000,0.2,0.2,2,BestRewardSelection,5,0.0,0.28054302650191265,0.2981890848439735,1.0,1.0,1.0694693573206493,0.17686356307830522,0.593881466058132,95,5,0,0,False
m034_random_graph_d1000_o0.2,random_graph,1000,0.2,0.2,2,WeightedConsensus,5,0.0,0.28073295238908996,0.30337804389112843,1.0,0.0,1.082649674264775,0.14032300875349452,0.6788123497505895,95,5,0,0,False
m034_random_graph_d1000_o0.2,random_graph,1000,0.2,0.2,2,ConflictDampening,5,0.0,0.3466597065546381,0.3819360790584076,1.0,0.0,1.1257483821989185,0.03758937407645125,0.9636947091446189,95,5,0,0,False
m035_random_graph_d1000_o0.3,random_graph,1000,0.3,0.3,0,NoCoordination,5,0.0,0.17904507433461228,0.17904507433461228,0.0,0.0,1.0,0.0,0.0,95,5,0,0,False
m035_random_graph_d1000_o0.3,random_graph,1000,0.3,0.3,0,AverageConsensus,5,0.0,0.3148529276410594,0.3618220387636577,1.0,0.0,1.1937766377362187,0.04543542600753053,1.2948395321131756,95,5,0,0,False
m035_random_graph_d1000_o0.3,random_graph,1000,0.3,0.3,0,BestRewardSelection,5,0.0,0.26693140872801535,0.29246567551719727,1.0,0.3333333333333333,1.1223361654058206,0.13385523461219406,0.9156695360131266,95,5,0,0,False
m035_random_graph_d1000_o0.3,random_graph,1000,0.3,0.3,0,WeightedConsensus,5,0.0,0.26891894391214793,0.2951573185787986,1.0,0.3333333333333333,1.1247370536991113,0.11238647812746748,1.0102375875186005,95,5,0,0,False
m035_random_graph_d1000_o0.3,random_graph,1000,0.3,0.3,0,ConflictDampening,5,0.0,0.30921158224781253,0.3554131926527673,1.0,0.0,1.1904103739758287,0.04144721578172432,1.3314174119168545,95,5,0,0,False
m035_random_graph_d1000_o0.3,random_graph,1000,0.3,0.3,1,NoCoordination,5,0.0,0.21323507568649575,0.21323507568649575,0.0,0.0,1.0,0.0,0.0,95,5,0,0,False
m035_random_graph_d1000_o0.3,random_graph,1000,0.3,0.3,1,AverageConsensus,5,0.0,0.4130262911983715,0.4905766142637072,1.0,0.0,1.2418190924189214,0.04023087983221843,1.1534668178209564,95,5,0,0,False
m035_random_graph_d1000_o0.3,random_graph,1000,0.3,0.3,1,BestRewardSelection,5,0.0,0.3132120351237387,0.3431759577791419,1.0,0.3333333333333333,1.1216500070613602,0.13047999525592674,0.4144443111183367,95,5,0,0,False
m035_random_graph_d1000_o0.3,random_graph,1000,0.3,0.3,1,WeightedConsensus,5,0.0,0.311964894263246,0.3500349684507163,1.0,0.6666666666666666,1.1449962186541038,0.11846384488991632,0.6177400459945689,95,5,0,0,False
m035_random_graph_d1000_o0.3,random_graph,1000,0.3,0.3,1,ConflictDampening,5,0.0,0.3992154475968787,0.4755251340903558,1.0,0.0,1.2371504165234462,0.03588345601040485,1.1664983458849942,95,5,0,0,False
m035_random_graph_d1000_o0.3,random_graph,1000,0.3,0.3,2,NoCoordination,5,0.0,0.23509984927918529,0.23509984927918529,0.0,0.0,1.0,0.0,0.0,95,5,0,0,False
m035_random_graph_d1000_o0.3,random_graph,1000,0.3,0.3,2,AverageConsensus,5,0.0,0.36662047567156847,0.4130742824131599,1.0,0.0,1.1531900944375202,0.045038977619455314,1.625888685947715,95,5,0,0,False
m035_random_graph_d1000_o0.3,random_graph,1000,0.3,0.3,2,BestRewardSelection,5,0.0,0.3000344679723172,0.3252489453849744,1.0,0.0,1.0916791235410273,0.20680660015873642,1.3631422181717956,95,5,0,0,False
m035_random_graph_d1000_o0.3,random_graph,1000,0.3,0.3,2,WeightedConsensus,5,0.0,0.2961785137329658,0.3233248746313448,1.0,0.6666666666666666,1.0975953776627645,0.15277827716193107,1.2003562171283082,95,5,0,0,False
m035_random_graph_d1000_o0.3,random_graph,1000,0.3,0.3,2,ConflictDampening,5,0.0,0.36066359144950605,0.40582434506208076,1.0,0.0,1.1491756102865058,0.04035058436790128,1.645126996176295,95,5,0,0,False
